MM:DD:YYYY hh:mm:ss,Device_Number,Battery_Voltage,Motor_Turns,Session_Type,Event,Active_Poke,Left_Poke_Count,Right_Poke_Count,Pellet_Count,Retrieval_Time,Concat_#,Mode
2020-07-21 20:27:25,0,4.07,1,Free_feed,Pellet,Left,0,0,1,0.0,0,FED
2020-07-21 20:28:07,0,4.07,1,Free_feed,Pellet,Left,0,0,2,40.0,0,FED
2020-07-21 20:29:52,0,4.08,1,Free_feed,Pellet,Left,0,0,3,102.0,0,FED
2020-07-21 20:30:13,0,4.07,1,Free_feed,Pellet,Left,0,0,4,11.0,0,FED
2020-07-21 20:34:43,0,4.07,1,Free_feed,Pellet,Left,0,0,5,0.0,0,FED
2020-07-21 20:36:58,0,4.07,1,Free_feed,Pellet,Left,0,0,6,0.0,0,FED
2020-07-21 20:37:49,0,4.07,1,Free_feed,Pellet,Left,0,0,7,48.0,0,FED
2020-07-21 20:38:15,0,4.08,1,Free_feed,Pellet,Left,0,0,8,23.0,0,FED
2020-07-21 20:39:13,0,4.07,1,Free_feed,Pellet,Left,0,0,9,56.0,0,FED
2020-07-21 20:39:19,0,4.08,1,Free_feed,Pellet,Left,0,0,10,3.0,0,FED
2020-07-21 20:43:13,0,4.07,1,Free_feed,Pellet,Left,0,0,11,0.0,0,FED
2020-07-21 20:48:07,0,4.07,1,Free_feed,Pellet,Left,0,0,12,0.0,0,FED
2020-07-21 20:48:13,0,4.07,1,Free_feed,Pellet,Left,0,0,13,3.0,0,FED
2020-07-21 20:48:40,0,4.07,1,Free_feed,Pellet,Left,0,0,14,25.0,0,FED
2020-07-21 20:51:05,0,4.07,1,Free_feed,Pellet,Left,0,0,15,3.0,0,FED
2020-07-21 20:52:56,0,4.07,1,Free_feed,Pellet,Left,0,0,16,109.0,0,FED
2020-07-21 20:57:04,0,4.07,2,Free_feed,Pellet,Left,0,0,17,0.0,0,FED
2020-07-21 20:57:41,0,4.07,1,Free_feed,Pellet,Left,0,0,18,4.0,0,FED
2020-07-21 20:57:49,0,4.07,1,Free_feed,Pellet,Left,0,0,19,5.0,0,FED
2020-07-21 20:57:53,0,4.07,1,Free_feed,Pellet,Left,0,0,20,1.0,0,FED
2020-07-21 20:59:04,0,4.07,1,Free_feed,Pellet,Left,0,0,21,68.0,0,FED
2020-07-21 20:59:42,0,4.07,1,Free_feed,Pellet,Left,0,0,22,35.0,0,FED
2020-07-21 21:00:16,0,4.07,1,Free_feed,Pellet,Left,0,0,23,31.0,0,FED
2020-07-21 21:02:12,0,4.07,7,Free_feed,Pellet,Left,0,0,24,100.0,0,FED
2020-07-21 21:02:20,0,4.07,1,Free_feed,Pellet,Left,0,0,25,5.0,0,FED
2020-07-21 21:03:56,0,4.08,1,Free_feed,Pellet,Left,0,0,26,92.0,0,FED
2020-07-21 21:04:12,0,4.07,1,Free_feed,Pellet,Left,0,0,27,14.0,0,FED
2020-07-21 21:06:49,0,4.07,1,Free_feed,Pellet,Left,0,0,28,0.0,0,FED
2020-07-21 21:07:22,0,4.07,1,Free_feed,Pellet,Left,0,0,29,31.0,0,FED
2020-07-21 21:07:37,0,4.08,1,Free_feed,Pellet,Left,0,0,30,12.0,0,FED
2020-07-21 21:07:50,0,4.07,1,Free_feed,Pellet,Left,0,0,31,11.0,0,FED
2020-07-21 21:08:04,0,4.07,2,Free_feed,Pellet,Left,0,0,32,11.0,0,FED
2020-07-21 21:13:04,0,4.07,2,Free_feed,Pellet,Left,0,0,33,0.0,0,FED
2020-07-21 21:13:10,0,4.07,1,Free_feed,Pellet,Left,0,0,34,3.0,0,FED
2020-07-21 21:13:19,0,4.08,1,Free_feed,Pellet,Left,0,0,35,6.0,0,FED
2020-07-21 21:13:36,0,4.07,1,Free_feed,Pellet,Left,0,0,36,14.0,0,FED
2020-07-21 21:14:41,0,4.07,2,Free_feed,Pellet,Left,0,0,37,59.0,0,FED
2020-07-21 21:28:41,0,4.07,1,Free_feed,Pellet,Left,0,0,38,0.0,0,FED
2020-07-21 21:33:53,0,4.07,1,Free_feed,Pellet,Left,0,0,39,1.0,0,FED
2020-07-21 21:34:59,0,4.07,2,Free_feed,Pellet,Left,0,0,40,61.0,0,FED
2020-07-21 21:35:18,0,4.07,1,Free_feed,Pellet,Left,0,0,41,16.0,0,FED
2020-07-21 21:35:48,0,4.07,1,Free_feed,Pellet,Left,0,0,42,27.0,0,FED
2020-07-21 21:35:59,0,4.07,1,Free_feed,Pellet,Left,0,0,43,8.0,0,FED
2020-07-21 21:36:28,0,4.07,1,Free_feed,Pellet,Left,0,0,44,27.0,0,FED
2020-07-21 21:36:36,0,4.07,1,Free_feed,Pellet,Left,0,0,45,4.0,0,FED
2020-07-21 21:36:58,0,4.07,1,Free_feed,Pellet,Left,0,0,46,19.0,0,FED
2020-07-21 21:45:52,0,4.07,1,Free_feed,Pellet,Left,0,0,47,18.0,0,FED
2020-07-21 21:45:59,0,4.07,1,Free_feed,Pellet,Left,0,0,48,4.0,0,FED
2020-07-21 21:46:29,0,4.07,1,Free_feed,Pellet,Left,0,0,49,28.0,0,FED
2020-07-21 21:46:43,0,4.07,1,Free_feed,Pellet,Left,0,0,50,12.0,0,FED
2020-07-21 21:46:51,0,4.07,1,Free_feed,Pellet,Left,0,0,51,5.0,0,FED
2020-07-21 21:53:53,0,4.07,2,Free_feed,Pellet,Left,0,0,52,0.0,0,FED
2020-07-21 21:54:01,0,4.07,1,Free_feed,Pellet,Left,0,0,53,5.0,0,FED
2020-07-21 21:54:19,0,4.07,1,Free_feed,Pellet,Left,0,0,54,15.0,0,FED
2020-07-21 21:54:42,0,4.07,1,Free_feed,Pellet,Left,0,0,55,20.0,0,FED
2020-07-21 21:55:02,0,4.07,1,Free_feed,Pellet,Left,0,0,56,17.0,0,FED
2020-07-21 21:55:44,0,4.07,1,Free_feed,Pellet,Left,0,0,57,39.0,0,FED
2020-07-21 21:55:48,0,4.07,1,Free_feed,Pellet,Left,0,0,58,1.0,0,FED
2020-07-21 21:55:54,0,4.07,2,Free_feed,Pellet,Left,0,0,59,1.0,0,FED
2020-07-21 21:56:13,0,4.07,1,Free_feed,Pellet,Left,0,0,60,16.0,0,FED
2020-07-21 21:56:31,0,4.07,1,Free_feed,Pellet,Left,0,0,61,15.0,0,FED
2020-07-21 21:56:39,0,4.07,1,Free_feed,Pellet,Left,0,0,62,5.0,0,FED
2020-07-21 21:56:57,0,4.07,1,Free_feed,Pellet,Left,0,0,63,15.0,0,FED
2020-07-21 21:57:19,0,4.07,1,Free_feed,Pellet,Left,0,0,64,20.0,0,FED
2020-07-21 21:57:32,0,4.07,1,Free_feed,Pellet,Left,0,0,65,10.0,0,FED
2020-07-21 22:01:52,0,4.07,1,Free_feed,Pellet,Left,0,0,66,0.0,0,FED
2020-07-21 22:02:10,0,4.07,1,Free_feed,Pellet,Left,0,0,67,15.0,0,FED
2020-07-21 22:02:47,0,4.07,1,Free_feed,Pellet,Left,0,0,68,33.0,0,FED
2020-07-21 22:02:58,0,4.07,1,Free_feed,Pellet,Left,0,0,69,8.0,0,FED
2020-07-21 22:03:07,0,4.07,2,Free_feed,Pellet,Left,0,0,70,5.0,0,FED
2020-07-21 22:04:05,0,4.07,2,Free_feed,Pellet,Left,0,0,71,53.0,0,FED
2020-07-21 22:04:10,0,4.07,1,Free_feed,Pellet,Left,0,0,72,2.0,0,FED
2020-07-21 22:04:14,0,4.07,1,Free_feed,Pellet,Left,0,0,73,1.0,0,FED
2020-07-21 22:23:13,0,4.07,2,Free_feed,Pellet,Left,0,0,74,0.0,0,FED
2020-07-21 22:24:07,0,4.07,2,Free_feed,Pellet,Left,0,0,75,50.0,0,FED
2020-07-21 22:24:12,0,4.07,1,Free_feed,Pellet,Left,0,0,76,2.0,0,FED
2020-07-21 22:33:21,0,4.07,2,Free_feed,Pellet,Left,0,0,77,0.0,0,FED
2020-07-21 22:34:02,0,4.07,1,Free_feed,Pellet,Left,0,0,78,38.0,0,FED
2020-07-21 22:38:21,0,4.07,2,Free_feed,Pellet,Left,0,0,79,0.0,0,FED
2020-07-21 23:07:20,0,4.07,1,Free_feed,Pellet,Left,0,0,80,41.0,0,FED
2020-07-21 23:07:25,0,4.07,1,Free_feed,Pellet,Left,0,0,81,1.0,0,FED
2020-07-21 23:07:40,0,4.07,2,Free_feed,Pellet,Left,0,0,82,11.0,0,FED
2020-07-21 23:07:59,0,4.07,1,Free_feed,Pellet,Left,0,0,83,17.0,0,FED
2020-07-21 23:08:31,0,4.07,1,Free_feed,Pellet,Left,0,0,84,29.0,0,FED
2020-07-21 23:08:39,0,4.07,1,Free_feed,Pellet,Left,0,0,85,5.0,0,FED
2020-07-21 23:08:51,0,4.07,1,Free_feed,Pellet,Left,0,0,86,9.0,0,FED
2020-07-22 00:03:25,0,4.07,1,Free_feed,Pellet,Left,0,0,87,0.0,0,FED
2020-07-22 00:03:31,0,4.07,1,Free_feed,Pellet,Left,0,0,88,3.0,0,FED
2020-07-22 00:03:41,0,4.07,1,Free_feed,Pellet,Left,0,0,89,7.0,0,FED
2020-07-22 00:03:53,0,4.07,1,Free_feed,Pellet,Left,0,0,90,10.0,0,FED
2020-07-22 00:04:06,0,4.07,1,Free_feed,Pellet,Left,0,0,91,10.0,0,FED
2020-07-22 00:04:21,0,4.07,1,Free_feed,Pellet,Left,0,0,92,13.0,0,FED
2020-07-22 00:04:35,0,4.06,1,Free_feed,Pellet,Left,0,0,93,11.0,0,FED
2020-07-22 00:04:58,0,4.07,1,Free_feed,Pellet,Left,0,0,94,20.0,0,FED
2020-07-22 00:05:05,0,4.06,1,Free_feed,Pellet,Left,0,0,95,4.0,0,FED
2020-07-22 00:05:17,0,4.07,1,Free_feed,Pellet,Left,0,0,96,10.0,0,FED
2020-07-22 00:05:33,0,4.07,1,Free_feed,Pellet,Left,0,0,97,14.0,0,FED
2020-07-22 00:19:54,0,4.07,1,Free_feed,Pellet,Left,0,0,98,0.0,0,FED
2020-07-22 00:20:00,0,4.07,2,Free_feed,Pellet,Left,0,0,99,1.0,0,FED
2020-07-22 00:20:10,0,4.07,1,Free_feed,Pellet,Left,0,0,100,6.0,0,FED
2020-07-22 00:20:25,0,4.07,1,Free_feed,Pellet,Left,0,0,101,13.0,0,FED
2020-07-22 00:20:45,0,4.06,1,Free_feed,Pellet,Left,0,0,102,18.0,0,FED
2020-07-22 00:20:50,0,4.07,1,Free_feed,Pellet,Left,0,0,103,2.0,0,FED
2020-07-22 00:21:02,0,4.07,1,Free_feed,Pellet,Left,0,0,104,9.0,0,FED
2020-07-22 00:21:05,0,4.07,1,Free_feed,Pellet,Left,0,0,105,1.0,0,FED
2020-07-22 00:21:21,0,4.07,1,Free_feed,Pellet,Left,0,0,106,13.0,0,FED
2020-07-22 00:21:28,0,4.06,1,Free_feed,Pellet,Left,0,0,107,5.0,0,FED
2020-07-22 00:21:37,0,4.07,1,Free_feed,Pellet,Left,0,0,108,6.0,0,FED
2020-07-22 00:45:41,0,4.06,1,Free_feed,Pellet,Left,0,0,109,0.0,0,FED
2020-07-22 00:45:45,0,4.06,1,Free_feed,Pellet,Left,0,0,110,2.0,0,FED
2020-07-22 00:45:53,0,4.06,1,Free_feed,Pellet,Left,0,0,111,6.0,0,FED
2020-07-22 00:46:17,0,4.07,1,Free_feed,Pellet,Left,0,0,112,21.0,0,FED
2020-07-22 00:46:22,0,4.07,1,Free_feed,Pellet,Left,0,0,113,2.0,0,FED
2020-07-22 00:46:30,0,4.07,1,Free_feed,Pellet,Left,0,0,114,5.0,0,FED
2020-07-22 00:46:35,0,4.07,1,Free_feed,Pellet,Left,0,0,115,2.0,0,FED
2020-07-22 00:46:39,0,4.07,1,Free_feed,Pellet,Left,0,0,116,2.0,0,FED
2020-07-22 00:46:43,0,4.07,1,Free_feed,Pellet,Left,0,0,117,0.0,0,FED
2020-07-22 00:46:50,0,4.06,1,Free_feed,Pellet,Left,0,0,118,5.0,0,FED
2020-07-22 00:47:10,0,4.07,1,Free_feed,Pellet,Left,0,0,119,16.0,0,FED
2020-07-22 00:47:19,0,4.07,1,Free_feed,Pellet,Left,0,0,120,7.0,0,FED
2020-07-22 00:47:39,0,4.07,1,Free_feed,Pellet,Left,0,0,121,18.0,0,FED
2020-07-22 00:47:55,0,4.07,1,Free_feed,Pellet,Left,0,0,122,13.0,0,FED
2020-07-22 01:06:15,0,4.07,1,Free_feed,Pellet,Left,0,0,123,0.0,0,FED
2020-07-22 01:06:22,0,4.07,1,Free_feed,Pellet,Left,0,0,124,4.0,0,FED
2020-07-22 01:06:32,0,4.06,1,Free_feed,Pellet,Left,0,0,125,8.0,0,FED
2020-07-22 01:06:45,0,4.07,1,Free_feed,Pellet,Left,0,0,126,10.0,0,FED
2020-07-22 01:07:04,0,4.06,1,Free_feed,Pellet,Left,0,0,127,16.0,0,FED
2020-07-22 01:07:14,0,4.06,1,Free_feed,Pellet,Left,0,0,128,3.0,0,FED
2020-07-22 01:07:28,0,4.07,1,Free_feed,Pellet,Left,0,0,129,12.0,0,FED
2020-07-22 01:07:33,0,4.06,1,Free_feed,Pellet,Left,0,0,130,2.0,0,FED
2020-07-22 01:07:37,0,4.06,1,Free_feed,Pellet,Left,0,0,131,1.0,0,FED
2020-07-22 01:08:14,0,4.07,1,Free_feed,Pellet,Left,0,0,132,34.0,0,FED
2020-07-22 01:09:41,0,4.06,1,Free_feed,Pellet,Left,0,0,133,2.0,0,FED
2020-07-22 01:10:08,0,4.06,1,Free_feed,Pellet,Left,0,0,134,24.0,0,FED
2020-07-22 01:10:17,0,4.06,1,Free_feed,Pellet,Left,0,0,135,6.0,0,FED
2020-07-22 01:10:23,0,4.06,1,Free_feed,Pellet,Left,0,0,136,3.0,0,FED
2020-07-22 01:10:43,0,4.06,1,Free_feed,Pellet,Left,0,0,137,17.0,0,FED
2020-07-22 01:11:06,0,4.06,1,Free_feed,Pellet,Left,0,0,138,20.0,0,FED
2020-07-22 02:03:40,0,4.06,1,Free_feed,Pellet,Left,0,0,139,2.0,0,FED
2020-07-22 02:18:38,0,4.06,1,Free_feed,Pellet,Left,0,0,140,0.0,0,FED
2020-07-22 02:19:14,0,4.06,1,Free_feed,Pellet,Left,0,0,141,4.0,0,FED
2020-07-22 02:19:18,0,4.06,1,Free_feed,Pellet,Left,0,0,142,1.0,0,FED
2020-07-22 02:19:42,0,4.06,1,Free_feed,Pellet,Left,0,0,143,22.0,0,FED
2020-07-22 02:19:49,0,4.06,1,Free_feed,Pellet,Left,0,0,144,4.0,0,FED
2020-07-22 02:19:53,0,4.06,1,Free_feed,Pellet,Left,0,0,145,1.0,0,FED
2020-07-22 02:20:00,0,4.06,1,Free_feed,Pellet,Left,0,0,146,4.0,0,FED
2020-07-22 02:20:13,0,4.06,1,Free_feed,Pellet,Left,0,0,147,11.0,0,FED
2020-07-22 02:21:21,0,4.06,1,Free_feed,Pellet,Left,0,0,148,65.0,0,FED
2020-07-22 02:21:24,0,4.06,1,Free_feed,Pellet,Left,0,0,149,0.0,0,FED
2020-07-22 02:21:32,0,4.06,1,Free_feed,Pellet,Left,0,0,150,4.0,0,FED
2020-07-22 02:22:12,0,4.06,1,Free_feed,Pellet,Left,0,0,151,37.0,0,FED
2020-07-22 02:22:16,0,4.07,1,Free_feed,Pellet,Left,0,0,152,1.0,0,FED
2020-07-22 02:22:22,0,4.06,1,Free_feed,Pellet,Left,0,0,153,3.0,0,FED
2020-07-22 02:22:28,0,4.06,1,Free_feed,Pellet,Left,0,0,154,3.0,0,FED
2020-07-22 02:22:49,0,4.06,1,Free_feed,Pellet,Left,0,0,155,1.0,0,FED
2020-07-22 02:22:58,0,4.06,1,Free_feed,Pellet,Left,0,0,156,7.0,0,FED
2020-07-22 02:47:52,0,4.06,1,Free_feed,Pellet,Left,0,0,157,2.0,0,FED
2020-07-22 03:15:33,0,4.06,1,Free_feed,Pellet,Left,0,0,158,0.0,0,FED
2020-07-22 03:15:36,0,4.05,1,Free_feed,Pellet,Left,0,0,159,1.0,0,FED
2020-07-22 03:16:17,0,4.06,1,Free_feed,Pellet,Left,0,0,160,38.0,0,FED
2020-07-22 03:16:23,0,4.06,1,Free_feed,Pellet,Left,0,0,161,3.0,0,FED
2020-07-22 03:16:26,0,4.06,1,Free_feed,Pellet,Left,0,0,162,1.0,0,FED
2020-07-22 03:17:02,0,4.05,1,Free_feed,Pellet,Left,0,0,163,33.0,0,FED
2020-07-22 03:17:06,0,4.06,1,Free_feed,Pellet,Left,0,0,164,1.0,0,FED
2020-07-22 03:17:13,0,4.05,1,Free_feed,Pellet,Left,0,0,165,4.0,0,FED
2020-07-22 05:16:10,0,4.06,1,Free_feed,Pellet,Left,0,0,166,0.0,0,FED
2020-07-22 05:18:26,0,4.05,1,Free_feed,Pellet,Left,0,0,167,0.0,0,FED
2020-07-22 05:18:30,0,4.05,1,Free_feed,Pellet,Left,0,0,168,1.0,0,FED
2020-07-22 05:18:39,0,4.05,1,Free_feed,Pellet,Left,0,0,169,6.0,0,FED
2020-07-22 05:19:13,0,4.05,1,Free_feed,Pellet,Left,0,0,170,32.0,0,FED
2020-07-22 05:19:33,0,4.05,1,Free_feed,Pellet,Left,0,0,171,17.0,0,FED
2020-07-22 07:17:09,0,4.05,1,Free_feed,Pellet,Left,0,0,172,0.0,0,FED
2020-07-22 07:17:14,0,4.05,2,Free_feed,Pellet,Left,0,0,173,2.0,0,FED
2020-07-22 07:17:44,0,4.05,1,Free_feed,Pellet,Left,0,0,174,27.0,0,FED
2020-07-22 07:17:48,0,4.05,1,Free_feed,Pellet,Left,0,0,175,1.0,0,FED
2020-07-22 07:17:52,0,4.05,1,Free_feed,Pellet,Left,0,0,176,1.0,0,FED
2020-07-22 07:18:05,0,4.05,1,Free_feed,Pellet,Left,0,0,177,1.0,0,FED
2020-07-22 07:18:22,0,4.05,2,Free_feed,Pellet,Left,0,0,178,13.0,0,FED
2020-07-22 07:18:26,0,4.05,1,Free_feed,Pellet,Left,0,0,179,0.0,0,FED
2020-07-22 07:18:44,0,4.05,1,Free_feed,Pellet,Left,0,0,180,16.0,0,FED
2020-07-22 07:19:02,0,4.05,2,Free_feed,Pellet,Left,0,0,181,13.0,0,FED
2020-07-22 07:19:07,0,4.05,1,Free_feed,Pellet,Left,0,0,182,1.0,0,FED
2020-07-22 07:19:34,0,4.04,2,Free_feed,Pellet,Left,0,0,183,23.0,0,FED
2020-07-22 07:19:39,0,4.05,1,Free_feed,Pellet,Left,0,0,184,1.0,0,FED
2020-07-22 07:19:47,0,4.05,1,Free_feed,Pellet,Left,0,0,185,6.0,0,FED
2020-07-22 07:19:53,0,4.05,1,Free_feed,Pellet,Left,0,0,186,3.0,0,FED
2020-07-22 07:20:03,0,4.05,1,Free_feed,Pellet,Left,0,0,187,7.0,0,FED
2020-07-22 07:20:44,0,4.05,1,Free_feed,Pellet,Left,0,0,188,38.0,0,FED
2020-07-22 07:20:48,0,4.05,1,Free_feed,Pellet,Left,0,0,189,1.0,0,FED
2020-07-22 09:21:44,0,4.05,1,Free_feed,Pellet,Left,0,0,190,0.0,0,FED
2020-07-22 09:21:50,0,4.05,2,Free_feed,Pellet,Left,0,0,191,1.0,0,FED
2020-07-22 09:22:22,0,4.05,1,Free_feed,Pellet,Left,0,0,192,30.0,0,FED
2020-07-22 09:22:26,0,4.05,1,Free_feed,Pellet,Left,0,0,193,1.0,0,FED
2020-07-22 09:22:32,0,4.05,2,Free_feed,Pellet,Left,0,0,194,1.0,0,FED
2020-07-22 09:22:43,0,4.05,1,Free_feed,Pellet,Left,0,0,195,9.0,0,FED
2020-07-22 09:23:00,0,4.05,1,Free_feed,Pellet,Left,0,0,196,14.0,0,FED
2020-07-22 10:26:24,0,4.05,1,Free_feed,Pellet,Left,0,0,197,0.0,0,FED
2020-07-22 10:55:38,0,4.05,1,Free_feed,Pellet,Left,0,0,198,7.0,0,FED
2020-07-22 10:55:47,0,4.05,1,Free_feed,Pellet,Left,0,0,199,1.0,0,FED
2020-07-22 10:55:52,0,4.05,1,Free_feed,Pellet,Left,0,0,200,2.0,0,FED
2020-07-22 10:56:25,0,4.05,1,Free_feed,Pellet,Left,0,0,201,30.0,0,FED
2020-07-22 10:56:28,0,4.05,1,Free_feed,Pellet,Left,0,0,202,0.0,0,FED
2020-07-22 10:56:34,0,4.04,1,Free_feed,Pellet,Left,0,0,203,2.0,0,FED
2020-07-22 10:56:44,0,4.05,1,Free_feed,Pellet,Left,0,0,204,8.0,0,FED
2020-07-22 10:57:00,0,4.05,1,Free_feed,Pellet,Left,0,0,205,13.0,0,FED
2020-07-22 10:57:22,0,4.05,1,Free_feed,Pellet,Left,0,0,206,19.0,0,FED
2020-07-22 10:57:26,0,4.05,1,Free_feed,Pellet,Left,0,0,207,2.0,0,FED
2020-07-22 10:57:38,0,4.05,1,Free_feed,Pellet,Left,0,0,208,10.0,0,FED
2020-07-22 10:58:26,0,4.05,3,Free_feed,Pellet,Left,0,0,209,42.0,0,FED
2020-07-22 12:23:18,0,4.04,2,Free_feed,Pellet,Left,0,0,210,1.0,0,FED
2020-07-22 12:23:25,0,4.04,1,Free_feed,Pellet,Left,0,0,211,4.0,0,FED
2020-07-22 12:24:11,0,4.04,1,Free_feed,Pellet,Left,0,0,212,43.0,0,FED
2020-07-22 12:24:19,0,4.04,1,Free_feed,Pellet,Left,0,0,213,5.0,0,FED
2020-07-22 12:26:04,0,4.04,1,Free_feed,Pellet,Left,0,0,214,103.0,0,FED
2020-07-22 12:26:15,0,4.05,1,Free_feed,Pellet,Left,0,0,215,8.0,0,FED
2020-07-22 12:30:49,0,4.04,1,Free_feed,Pellet,Left,0,0,216,0.0,0,FED
2020-07-22 12:46:45,0,4.04,1,Free_feed,Pellet,Left,0,0,217,0.0,0,FED
2020-07-22 12:46:55,0,4.04,1,Free_feed,Pellet,Left,0,0,218,7.0,0,FED
2020-07-22 12:47:17,0,4.04,1,Free_feed,Pellet,Left,0,0,219,15.0,0,FED
2020-07-22 12:47:21,0,4.04,1,Free_feed,Pellet,Left,0,0,220,2.0,0,FED
2020-07-22 12:47:33,0,4.04,1,Free_feed,Pellet,Left,0,0,221,10.0,0,FED
2020-07-22 12:47:41,0,4.04,1,Free_feed,Pellet,Left,0,0,222,5.0,0,FED
2020-07-22 12:47:52,0,4.04,2,Free_feed,Pellet,Left,0,0,223,6.0,0,FED
2020-07-22 12:48:13,0,4.04,1,Free_feed,Pellet,Left,0,0,224,18.0,0,FED
2020-07-22 12:48:27,0,4.04,1,Free_feed,Pellet,Left,0,0,225,12.0,0,FED
2020-07-22 13:09:54,0,4.04,1,Free_feed,Pellet,Left,0,0,226,0.0,0,FED
2020-07-22 13:09:58,0,4.04,1,Free_feed,Pellet,Left,0,0,227,1.0,0,FED
2020-07-22 13:10:17,0,4.04,1,Free_feed,Pellet,Left,0,0,228,17.0,0,FED
2020-07-22 13:10:20,0,4.04,1,Free_feed,Pellet,Left,0,0,229,1.0,0,FED
2020-07-22 13:10:44,0,4.04,1,Free_feed,Pellet,Left,0,0,230,8.0,0,FED
2020-07-22 13:11:03,0,4.04,1,Free_feed,Pellet,Left,0,0,231,17.0,0,FED
2020-07-22 13:11:19,0,4.04,1,Free_feed,Pellet,Left,0,0,232,13.0,0,FED
2020-07-22 13:50:27,0,4.04,1,Free_feed,Pellet,Left,0,0,233,0.0,0,FED
2020-07-22 13:50:34,0,4.04,1,Free_feed,Pellet,Left,0,0,234,4.0,0,FED
2020-07-22 13:50:38,0,4.04,1,Free_feed,Pellet,Left,0,0,235,1.0,0,FED
2020-07-22 13:50:45,0,4.04,1,Free_feed,Pellet,Left,0,0,236,4.0,0,FED
2020-07-22 13:51:22,0,4.03,1,Free_feed,Pellet,Left,0,0,237,34.0,0,FED
2020-07-22 13:51:32,0,4.03,1,Free_feed,Pellet,Left,0,0,238,7.0,0,FED
2020-07-22 13:51:54,0,4.04,1,Free_feed,Pellet,Left,0,0,239,19.0,0,FED
2020-07-22 13:52:14,0,4.04,1,Free_feed,Pellet,Left,0,0,240,18.0,0,FED
2020-07-22 13:52:37,0,4.04,1,Free_feed,Pellet,Left,0,0,241,20.0,0,FED
2020-07-22 13:52:52,0,4.03,1,Free_feed,Pellet,Left,0,0,242,12.0,0,FED
2020-07-22 13:55:09,0,4.03,1,Free_feed,Pellet,Left,0,0,243,0.0,0,FED
2020-07-22 14:59:05,0,4.04,1,Free_feed,Pellet,Left,0,0,244,0.0,0,FED
2020-07-22 14:59:16,0,4.03,1,Free_feed,Pellet,Left,0,0,245,8.0,0,FED
2020-07-22 15:02:54,0,4.03,2,Free_feed,Pellet,Left,0,0,246,0.0,0,FED
2020-07-22 15:03:07,0,4.04,1,Free_feed,Pellet,Left,0,0,247,11.0,0,FED
2020-07-22 15:03:30,0,4.03,1,Free_feed,Pellet,Left,0,0,248,21.0,0,FED
2020-07-22 15:03:44,0,4.04,1,Free_feed,Pellet,Left,0,0,249,11.0,0,FED
2020-07-22 15:04:00,0,4.03,1,Free_feed,Pellet,Left,0,0,250,13.0,0,FED
2020-07-22 15:25:02,0,4.04,1,Free_feed,Pellet,Left,0,0,251,0.0,0,FED
2020-07-22 17:18:04,0,4.03,2,Free_feed,Pellet,Left,0,0,252,1.0,0,FED
2020-07-22 17:18:16,0,4.03,1,Free_feed,Pellet,Left,0,0,253,9.0,0,FED
2020-07-22 17:18:56,0,4.03,2,Free_feed,Pellet,Left,0,0,254,36.0,0,FED
2020-07-22 17:19:00,0,4.03,1,Free_feed,Pellet,Left,0,0,255,1.0,0,FED
2020-07-22 17:19:08,0,4.03,1,Free_feed,Pellet,Left,0,0,256,5.0,0,FED
2020-07-22 17:19:29,0,4.03,1,Free_feed,Pellet,Left,0,0,257,19.0,0,FED
2020-07-22 17:19:33,0,4.03,1,Free_feed,Pellet,Left,0,0,258,1.0,0,FED
2020-07-22 17:19:41,0,4.03,1,Free_feed,Pellet,Left,0,0,259,5.0,0,FED
2020-07-22 17:20:01,0,4.03,1,Free_feed,Pellet,Left,0,0,260,17.0,0,FED
2020-07-22 17:20:15,0,4.03,1,Free_feed,Pellet,Left,0,0,261,11.0,0,FED
2020-07-22 17:20:30,0,4.03,1,Free_feed,Pellet,Left,0,0,262,12.0,0,FED
2020-07-22 17:26:19,0,4.03,1,Free_feed,Pellet,Left,0,0,263,0.0,0,FED
2020-07-22 19:07:40,0,4.03,1,Free_feed,Pellet,Left,0,0,264,0.0,0,FED
2020-07-22 19:07:56,0,4.03,1,Free_feed,Pellet,Left,0,0,265,13.0,0,FED
2020-07-22 19:08:12,0,4.03,2,Free_feed,Pellet,Left,0,0,266,13.0,0,FED
2020-07-22 19:08:34,0,4.03,2,Free_feed,Pellet,Left,0,0,267,18.0,0,FED
2020-07-22 20:06:15,0,4.02,1,Free_feed,Pellet,Left,0,0,268,0.0,0,FED
2020-07-22 20:06:19,0,4.03,1,Free_feed,Pellet,Left,0,0,269,2.0,0,FED
2020-07-22 20:06:31,0,4.03,1,Free_feed,Pellet,Left,0,0,270,10.0,0,FED
2020-07-22 20:06:34,0,4.03,1,Free_feed,Pellet,Left,0,0,271,1.0,0,FED
2020-07-22 20:06:43,0,4.02,1,Free_feed,Pellet,Left,0,0,272,6.0,0,FED
2020-07-22 20:06:57,0,4.02,1,Free_feed,Pellet,Left,0,0,273,11.0,0,FED
2020-07-22 20:07:19,0,4.03,1,Free_feed,Pellet,Left,0,0,274,19.0,0,FED
2020-07-22 20:07:23,0,4.03,1,Free_feed,Pellet,Left,0,0,275,1.0,0,FED
2020-07-22 20:07:30,0,4.03,1,Free_feed,Pellet,Left,0,0,276,4.0,0,FED
2020-07-22 20:07:49,0,4.02,1,Free_feed,Pellet,Left,0,0,277,15.0,0,FED
2020-07-22 20:08:06,0,4.02,1,Free_feed,Pellet,Left,0,0,278,15.0,0,FED
2020-07-22 20:08:25,0,4.02,1,Free_feed,Pellet,Left,0,0,279,16.0,0,FED
2020-07-22 20:08:46,0,4.02,2,Free_feed,Pellet,Left,0,0,280,16.0,0,FED
2020-07-22 20:09:02,0,4.02,1,Free_feed,Pellet,Left,0,0,281,14.0,0,FED
2020-07-22 20:49:53,0,4.03,1,Free_feed,Pellet,Left,0,0,282,0.0,0,FED
2020-07-22 20:49:57,0,4.02,1,Free_feed,Pellet,Left,0,0,283,1.0,0,FED
2020-07-22 20:50:09,0,4.02,1,Free_feed,Pellet,Left,0,0,284,9.0,0,FED
2020-07-22 20:50:26,0,4.02,1,Free_feed,Pellet,Left,0,0,285,15.0,0,FED
2020-07-22 20:50:39,0,4.02,1,Free_feed,Pellet,Left,0,0,286,10.0,0,FED
2020-07-22 21:07:09,0,4.02,1,Free_feed,Pellet,Left,0,0,287,0.0,0,FED
2020-07-22 21:08:03,0,4.02,1,Free_feed,Pellet,Left,0,0,288,51.0,0,FED
2020-07-22 21:08:12,0,4.02,1,Free_feed,Pellet,Left,0,0,289,6.0,0,FED
2020-07-22 21:13:31,0,4.02,1,Free_feed,Pellet,Left,0,0,290,2.0,0,FED
2020-07-22 21:13:47,0,4.02,1,Free_feed,Pellet,Left,0,0,291,13.0,0,FED
2020-07-22 21:14:04,0,4.02,1,Free_feed,Pellet,Left,0,0,292,13.0,0,FED
2020-07-22 21:14:14,0,4.02,1,Free_feed,Pellet,Left,0,0,293,7.0,0,FED
2020-07-22 21:14:37,0,4.02,1,Free_feed,Pellet,Left,0,0,294,20.0,0,FED
2020-07-22 21:14:46,0,4.03,1,Free_feed,Pellet,Left,0,0,295,6.0,0,FED
2020-07-22 21:25:50,0,4.02,1,Free_feed,Pellet,Left,0,0,296,0.0,0,FED
2020-07-22 21:26:03,0,4.02,1,Free_feed,Pellet,Left,0,0,297,11.0,0,FED
2020-07-22 21:26:16,0,4.02,1,Free_feed,Pellet,Left,0,0,298,10.0,0,FED
2020-07-22 21:26:31,0,4.02,1,Free_feed,Pellet,Left,0,0,299,12.0,0,FED
2020-07-22 21:26:47,0,4.02,1,Free_feed,Pellet,Left,0,0,300,13.0,0,FED
2020-07-22 21:27:05,0,4.02,1,Free_feed,Pellet,Left,0,0,301,16.0,0,FED
2020-07-22 21:49:28,0,4.02,1,Free_feed,Pellet,Left,0,0,302,0.0,0,FED
2020-07-22 21:49:45,0,4.02,1,Free_feed,Pellet,Left,0,0,303,14.0,0,FED
2020-07-22 21:49:53,0,4.02,1,Free_feed,Pellet,Left,0,0,304,6.0,0,FED
2020-07-22 21:50:07,0,4.02,1,Free_feed,Pellet,Left,0,0,305,12.0,0,FED
2020-07-22 21:50:18,0,4.02,1,Free_feed,Pellet,Left,0,0,306,8.0,0,FED
2020-07-22 21:50:32,0,4.02,1,Free_feed,Pellet,Left,0,0,307,11.0,0,FED
2020-07-22 21:50:50,0,4.02,1,Free_feed,Pellet,Left,0,0,308,14.0,0,FED
2020-07-22 21:51:00,0,4.02,1,Free_feed,Pellet,Left,0,0,309,8.0,0,FED
2020-07-22 22:10:00,0,4.02,1,Free_feed,Pellet,Left,0,0,310,0.0,0,FED
2020-07-22 22:10:09,0,4.02,1,Free_feed,Pellet,Left,0,0,311,6.0,0,FED
2020-07-22 22:10:23,0,4.02,1,Free_feed,Pellet,Left,0,0,312,12.0,0,FED
2020-07-22 22:13:11,0,4.02,1,Free_feed,Pellet,Left,0,0,313,0.0,0,FED
2020-07-22 22:19:19,0,4.02,1,Free_feed,Pellet,Left,0,0,314,0.0,0,FED
2020-07-22 22:19:32,0,4.02,1,Free_feed,Pellet,Left,0,0,315,10.0,0,FED
2020-07-22 22:19:57,0,4.02,1,Free_feed,Pellet,Left,0,0,316,0.0,0,FED
2020-07-22 22:20:01,0,4.02,1,Free_feed,Pellet,Left,0,0,317,1.0,0,FED
2020-07-22 22:20:05,0,4.02,1,Free_feed,Pellet,Left,0,0,318,1.0,0,FED
2020-07-22 22:20:19,0,4.02,1,Free_feed,Pellet,Left,0,0,319,11.0,0,FED
2020-07-22 22:20:23,0,4.02,1,Free_feed,Pellet,Left,0,0,320,1.0,0,FED
2020-07-22 22:20:32,0,4.02,1,Free_feed,Pellet,Left,0,0,321,7.0,0,FED
2020-07-22 22:20:35,0,4.02,1,Free_feed,Pellet,Left,0,0,322,0.0,0,FED
2020-07-22 22:20:45,0,4.02,1,Free_feed,Pellet,Left,0,0,323,7.0,0,FED
2020-07-22 22:21:04,0,4.02,2,Free_feed,Pellet,Left,0,0,324,15.0,0,FED
2020-07-22 22:21:21,0,4.02,1,Free_feed,Pellet,Left,0,0,325,14.0,0,FED
2020-07-22 22:21:37,0,4.02,1,Free_feed,Pellet,Left,0,0,326,13.0,0,FED
2020-07-22 22:21:52,0,4.02,1,Free_feed,Pellet,Left,0,0,327,12.0,0,FED
2020-07-22 22:22:13,0,4.02,1,Free_feed,Pellet,Left,0,0,328,18.0,0,FED
2020-07-22 22:44:48,0,4.03,1,Free_feed,Pellet,Left,0,0,329,0.0,0,FED
2020-07-22 22:44:54,0,4.02,2,Free_feed,Pellet,Left,0,0,330,2.0,0,FED
2020-07-22 22:45:00,0,4.02,2,Free_feed,Pellet,Left,0,0,331,1.0,0,FED
2020-07-22 22:45:15,0,4.02,1,Free_feed,Pellet,Left,0,0,332,13.0,0,FED
2020-07-22 22:45:28,0,4.02,1,Free_feed,Pellet,Left,0,0,333,10.0,0,FED
2020-07-22 22:45:34,0,4.02,1,Free_feed,Pellet,Left,0,0,334,3.0,0,FED
2020-07-22 22:45:38,0,4.02,1,Free_feed,Pellet,Left,0,0,335,1.0,0,FED
2020-07-22 22:45:43,0,4.02,1,Free_feed,Pellet,Left,0,0,336,1.0,0,FED
2020-07-22 22:45:55,0,4.02,1,Free_feed,Pellet,Left,0,0,337,9.0,0,FED
2020-07-22 23:03:47,0,4.02,1,Free_feed,Pellet,Left,0,0,338,0.0,0,FED
2020-07-22 23:03:51,0,4.02,1,Free_feed,Pellet,Left,0,0,339,0.0,0,FED
2020-07-22 23:04:00,0,4.02,1,Free_feed,Pellet,Left,0,0,340,7.0,0,FED
2020-07-22 23:04:20,0,4.02,1,Free_feed,Pellet,Left,0,0,341,18.0,0,FED
2020-07-22 23:04:32,0,4.02,1,Free_feed,Pellet,Left,0,0,342,9.0,0,FED
2020-07-22 23:05:44,0,4.02,1,Free_feed,Pellet,Left,0,0,343,69.0,0,FED
2020-07-22 23:05:48,0,4.02,1,Free_feed,Pellet,Left,0,0,344,1.0,0,FED
2020-07-22 23:05:59,0,4.02,1,Free_feed,Pellet,Left,0,0,345,8.0,0,FED
2020-07-22 23:06:16,0,4.02,1,Free_feed,Pellet,Left,0,0,346,13.0,0,FED
2020-07-22 23:06:30,0,4.02,1,Free_feed,Pellet,Left,0,0,347,12.0,0,FED
2020-07-22 23:06:54,0,4.02,1,Free_feed,Pellet,Left,0,0,348,21.0,0,FED
2020-07-22 23:07:13,0,4.02,1,Free_feed,Pellet,Left,0,0,349,16.0,0,FED
2020-07-22 23:28:41,0,4.02,1,Free_feed,Pellet,Left,0,0,350,0.0,0,FED
2020-07-22 23:28:48,0,4.02,1,Free_feed,Pellet,Left,0,0,351,5.0,0,FED
2020-07-22 23:28:51,0,4.02,1,Free_feed,Pellet,Left,0,0,352,1.0,0,FED
2020-07-22 23:29:00,0,4.02,1,Free_feed,Pellet,Left,0,0,353,6.0,0,FED
2020-07-22 23:29:04,0,4.02,1,Free_feed,Pellet,Left,0,0,354,1.0,0,FED
2020-07-22 23:29:11,0,4.02,1,Free_feed,Pellet,Left,0,0,355,3.0,0,FED
2020-07-22 23:29:16,0,4.02,1,Free_feed,Pellet,Left,0,0,356,3.0,0,FED
2020-07-22 23:29:20,0,4.02,1,Free_feed,Pellet,Left,0,0,357,2.0,0,FED
2020-07-22 23:29:43,0,4.02,1,Free_feed,Pellet,Left,0,0,358,21.0,0,FED
2020-07-22 23:30:00,0,4.02,1,Free_feed,Pellet,Left,0,0,359,1.0,0,FED
2020-07-22 23:30:06,0,4.02,1,Free_feed,Pellet,Left,0,0,360,3.0,0,FED
2020-07-22 23:30:27,0,4.02,1,Free_feed,Pellet,Left,0,0,361,18.0,0,FED
2020-07-22 23:30:40,0,4.02,1,Free_feed,Pellet,Left,0,0,362,10.0,0,FED
2020-07-22 23:30:57,0,4.02,1,Free_feed,Pellet,Left,0,0,363,14.0,0,FED
2020-07-22 23:31:17,0,4.02,1,Free_feed,Pellet,Left,0,0,364,17.0,0,FED
2020-07-22 23:31:31,0,4.02,1,Free_feed,Pellet,Left,0,0,365,9.0,0,FED
2020-07-22 23:31:49,0,4.02,1,Free_feed,Pellet,Left,0,0,366,16.0,0,FED
2020-07-22 23:32:04,0,4.02,1,Free_feed,Pellet,Left,0,0,367,12.0,0,FED
2020-07-22 23:54:07,0,4.02,1,Free_feed,Pellet,Left,0,0,368,0.0,0,FED
2020-07-22 23:54:13,0,4.02,1,Free_feed,Pellet,Left,0,0,369,3.0,0,FED
2020-07-22 23:54:51,0,4.01,1,Free_feed,Pellet,Left,0,0,370,35.0,0,FED
2020-07-22 23:54:55,0,4.01,1,Free_feed,Pellet,Left,0,0,371,1.0,0,FED
2020-07-22 23:55:04,0,4.02,1,Free_feed,Pellet,Left,0,0,372,6.0,0,FED
2020-07-22 23:55:18,0,4.02,1,Free_feed,Pellet,Left,0,0,373,11.0,0,FED
2020-07-22 23:55:30,0,4.02,1,Free_feed,Pellet,Left,0,0,374,10.0,0,FED
2020-07-22 23:55:45,0,4.02,1,Free_feed,Pellet,Left,0,0,375,11.0,0,FED
2020-07-22 23:56:00,0,4.01,1,Free_feed,Pellet,Left,0,0,376,12.0,0,FED
2020-07-22 23:56:16,0,4.02,1,Free_feed,Pellet,Left,0,0,377,13.0,0,FED
2020-07-23 00:38:22,0,4.01,1,Free_feed,Pellet,Left,0,0,378,0.0,0,FED
2020-07-23 00:38:28,0,4.01,1,Free_feed,Pellet,Left,0,0,379,0.0,0,FED
2020-07-23 00:38:40,0,4.02,1,Free_feed,Pellet,Left,0,0,380,10.0,0,FED
2020-07-23 00:38:55,0,4.02,1,Free_feed,Pellet,Left,0,0,381,11.0,0,FED
2020-07-23 00:39:11,0,4.02,1,Free_feed,Pellet,Left,0,0,382,14.0,0,FED
2020-07-23 00:39:28,0,4.01,2,Free_feed,Pellet,Left,0,0,383,13.0,0,FED
2020-07-23 00:57:41,0,4.01,1,Free_feed,Pellet,Left,0,0,384,0.0,0,FED
2020-07-23 00:57:45,0,4.02,1,Free_feed,Pellet,Left,0,0,385,1.0,0,FED
2020-07-23 00:57:49,0,4.02,1,Free_feed,Pellet,Left,0,0,386,1.0,0,FED
2020-07-23 00:58:10,0,4.02,1,Free_feed,Pellet,Left,0,0,387,18.0,0,FED
2020-07-23 00:58:23,0,4.01,1,Free_feed,Pellet,Left,0,0,388,9.0,0,FED
2020-07-23 00:58:44,0,4.01,1,Free_feed,Pellet,Left,0,0,389,19.0,0,FED
2020-07-23 00:58:49,0,4.01,1,Free_feed,Pellet,Left,0,0,390,2.0,0,FED
2020-07-23 00:58:59,0,4.02,1,Free_feed,Pellet,Left,0,0,391,8.0,0,FED
2020-07-23 00:59:25,0,4.01,1,Free_feed,Pellet,Left,0,0,392,22.0,0,FED
2020-07-23 00:59:47,0,4.01,1,Free_feed,Pellet,Left,0,0,393,19.0,0,FED
2020-07-23 00:59:56,0,4.01,1,Free_feed,Pellet,Left,0,0,394,7.0,0,FED
2020-07-23 01:23:52,0,4.02,1,Free_feed,Pellet,Left,0,0,395,0.0,0,FED
2020-07-23 01:27:41,0,4.01,1,Free_feed,Pellet,Left,0,0,396,0.0,0,FED
2020-07-23 01:28:00,0,4.01,1,Free_feed,Pellet,Left,0,0,397,1.0,0,FED
2020-07-23 01:28:06,0,4.01,1,Free_feed,Pellet,Left,0,0,398,4.0,0,FED
2020-07-23 01:28:28,0,4.01,1,Free_feed,Pellet,Left,0,0,399,19.0,0,FED
2020-07-23 01:28:39,0,4.01,1,Free_feed,Pellet,Left,0,0,400,8.0,0,FED
2020-07-23 01:28:58,0,4.01,1,Free_feed,Pellet,Left,0,0,401,16.0,0,FED
2020-07-23 01:29:15,0,4.01,1,Free_feed,Pellet,Left,0,0,402,15.0,0,FED
2020-07-23 01:29:32,0,4.01,1,Free_feed,Pellet,Left,0,0,403,13.0,0,FED
2020-07-23 01:29:48,0,4.01,1,Free_feed,Pellet,Left,0,0,404,14.0,0,FED
2020-07-23 01:30:03,0,4.01,1,Free_feed,Pellet,Left,0,0,405,12.0,0,FED
2020-07-23 02:01:17,0,4.01,1,Free_feed,Pellet,Left,0,0,406,0.0,0,FED
2020-07-23 02:01:47,0,4.01,1,Free_feed,Pellet,Left,0,0,407,27.0,0,FED
2020-07-23 02:01:57,0,4.01,1,Free_feed,Pellet,Left,0,0,408,1.0,0,FED
2020-07-23 02:02:03,0,4.01,1,Free_feed,Pellet,Left,0,0,409,2.0,0,FED
2020-07-23 02:02:23,0,4.02,1,Free_feed,Pellet,Left,0,0,410,18.0,0,FED
2020-07-23 02:02:36,0,4.01,1,Free_feed,Pellet,Left,0,0,411,10.0,0,FED
2020-07-23 02:02:53,0,4.01,1,Free_feed,Pellet,Left,0,0,412,14.0,0,FED
2020-07-23 02:03:07,0,4.01,1,Free_feed,Pellet,Left,0,0,413,12.0,0,FED
2020-07-23 02:03:25,0,4.0,1,Free_feed,Pellet,Left,0,0,414,15.0,0,FED
2020-07-23 02:03:37,0,4.0,1,Free_feed,Pellet,Left,0,0,415,8.0,0,FED
2020-07-23 02:03:58,0,4.01,1,Free_feed,Pellet,Left,0,0,416,19.0,0,FED
2020-07-23 02:04:11,0,4.01,1,Free_feed,Pellet,Left,0,0,417,10.0,0,FED
2020-07-23 04:56:36,0,4.01,1,Free_feed,Pellet,Left,0,0,418,0.0,0,FED
2020-07-23 05:30:23,0,4.0,1,Free_feed,Pellet,Left,0,0,419,1.0,0,FED
2020-07-23 05:30:40,0,4.0,1,Free_feed,Pellet,Left,0,0,420,14.0,0,FED
2020-07-23 05:30:45,0,4.0,1,Free_feed,Pellet,Left,0,0,421,2.0,0,FED
2020-07-23 05:30:59,0,4.0,1,Free_feed,Pellet,Left,0,0,422,11.0,0,FED
2020-07-23 05:31:03,0,4.0,1,Free_feed,Pellet,Left,0,0,423,1.0,0,FED
2020-07-23 05:31:14,0,4.0,1,Free_feed,Pellet,Left,0,0,424,8.0,0,FED
2020-07-23 05:31:30,0,4.0,1,Free_feed,Pellet,Left,0,0,425,13.0,0,FED
2020-07-23 05:31:46,0,4.0,1,Free_feed,Pellet,Left,0,0,426,14.0,0,FED
2020-07-23 05:32:06,0,4.0,1,Free_feed,Pellet,Left,0,0,427,18.0,0,FED
2020-07-23 05:32:27,0,4.0,1,Free_feed,Pellet,Left,0,0,428,16.0,0,FED
2020-07-23 05:35:39,0,4.0,1,Free_feed,Pellet,Left,0,0,429,0.0,0,FED
2020-07-23 05:38:17,0,3.99,1,Free_feed,Pellet,Left,0,0,430,4.0,0,FED
2020-07-23 05:38:30,0,4.0,1,Free_feed,Pellet,Left,0,0,431,10.0,0,FED
2020-07-23 05:38:46,0,4.0,1,Free_feed,Pellet,Left,0,0,432,12.0,0,FED
2020-07-23 05:41:06,0,4.0,1,Free_feed,Pellet,Left,0,0,433,0.0,0,FED
2020-07-23 05:41:11,0,4.0,1,Free_feed,Pellet,Left,0,0,434,3.0,0,FED
2020-07-23 05:42:15,0,4.0,1,Free_feed,Pellet,Left,0,0,435,61.0,0,FED
2020-07-23 05:52:31,0,4.0,2,Free_feed,Pellet,Left,0,0,436,0.0,0,FED
2020-07-23 06:40:35,0,4.0,1,Free_feed,Pellet,Left,0,0,437,0.0,0,FED
2020-07-23 06:40:51,0,4.0,1,Free_feed,Pellet,Left,0,0,438,13.0,0,FED
2020-07-23 06:41:11,0,4.0,1,Free_feed,Pellet,Left,0,0,439,17.0,0,FED
2020-07-23 06:42:35,0,4.0,1,Free_feed,Pellet,Left,0,0,440,2.0,0,FED
2020-07-23 06:43:16,0,4.0,1,Free_feed,Pellet,Left,0,0,441,35.0,0,FED
2020-07-23 06:43:25,0,4.0,1,Free_feed,Pellet,Left,0,0,442,7.0,0,FED
2020-07-23 06:43:29,0,4.0,1,Free_feed,Pellet,Left,0,0,443,1.0,0,FED
2020-07-23 06:43:47,0,4.0,1,Free_feed,Pellet,Left,0,0,444,15.0,0,FED
2020-07-23 06:43:56,0,4.0,1,Free_feed,Pellet,Left,0,0,445,7.0,0,FED
2020-07-23 06:44:19,0,4.0,1,Free_feed,Pellet,Left,0,0,446,20.0,0,FED
2020-07-23 06:44:38,0,4.0,1,Free_feed,Pellet,Left,0,0,447,16.0,0,FED
2020-07-23 06:44:52,0,4.0,1,Free_feed,Pellet,Left,0,0,448,12.0,0,FED
2020-07-23 07:33:29,0,4.0,1,Free_feed,Pellet,Left,0,0,449,0.0,0,FED
2020-07-23 07:33:33,0,4.0,1,Free_feed,Pellet,Left,0,0,450,2.0,0,FED
2020-07-23 07:33:42,0,4.0,1,Free_feed,Pellet,Left,0,0,451,7.0,0,FED
2020-07-23 07:33:56,0,3.99,2,Free_feed,Pellet,Left,0,0,452,9.0,0,FED
2020-07-23 07:34:10,0,4.0,1,Free_feed,Pellet,Left,0,0,453,12.0,0,FED
2020-07-23 07:34:28,0,3.99,2,Free_feed,Pellet,Left,0,0,454,13.0,0,FED
2020-07-23 07:34:46,0,3.99,1,Free_feed,Pellet,Left,0,0,455,15.0,0,FED
2020-07-23 07:36:12,0,4.0,1,Free_feed,Pellet,Left,0,0,456,84.0,0,FED
2020-07-23 08:46:58,0,3.99,1,Free_feed,Pellet,Left,0,0,457,7.0,0,FED
2020-07-23 08:50:33,0,3.99,1,Free_feed,Pellet,Left,0,0,458,4.0,0,FED
2020-07-23 08:50:36,0,3.99,1,Free_feed,Pellet,Left,0,0,459,0.0,0,FED
2020-07-23 08:50:46,0,3.99,1,Free_feed,Pellet,Left,0,0,460,7.0,0,FED
2020-07-23 08:51:02,0,3.99,1,Free_feed,Pellet,Left,0,0,461,13.0,0,FED
2020-07-23 08:51:22,0,3.99,1,Free_feed,Pellet,Left,0,0,462,17.0,0,FED
2020-07-23 08:51:26,0,4.0,1,Free_feed,Pellet,Left,0,0,463,1.0,0,FED
2020-07-23 08:51:32,0,4.0,1,Free_feed,Pellet,Left,0,0,464,3.0,0,FED
2020-07-23 08:51:49,0,3.99,1,Free_feed,Pellet,Left,0,0,465,14.0,0,FED
2020-07-23 08:52:04,0,3.99,1,Free_feed,Pellet,Left,0,0,466,12.0,0,FED
2020-07-23 08:52:21,0,3.99,1,Free_feed,Pellet,Left,0,0,467,14.0,0,FED
2020-07-23 08:52:37,0,3.99,1,Free_feed,Pellet,Left,0,0,468,13.0,0,FED
2020-07-23 08:52:51,0,3.99,1,Free_feed,Pellet,Left,0,0,469,11.0,0,FED
2020-07-23 08:53:07,0,3.99,1,Free_feed,Pellet,Left,0,0,470,14.0,0,FED
2020-07-23 08:53:25,0,3.99,1,Free_feed,Pellet,Left,0,0,471,15.0,0,FED
2020-07-23 08:53:42,0,3.99,1,Free_feed,Pellet,Left,0,0,472,15.0,0,FED
2020-07-23 11:32:21,0,3.99,1,Free_feed,Pellet,Left,0,0,473,0.0,0,FED
2020-07-23 11:49:09,0,3.98,1,Free_feed,Pellet,Left,0,0,474,1.0,0,FED
2020-07-23 11:49:14,0,3.98,1,Free_feed,Pellet,Left,0,0,475,2.0,0,FED
2020-07-23 11:49:18,0,3.99,1,Free_feed,Pellet,Left,0,0,476,1.0,0,FED
2020-07-23 11:49:25,0,3.98,1,Free_feed,Pellet,Left,0,0,477,4.0,0,FED
2020-07-23 11:49:44,0,3.98,1,Free_feed,Pellet,Left,0,0,478,16.0,0,FED
2020-07-23 11:49:54,0,3.98,1,Free_feed,Pellet,Left,0,0,479,6.0,0,FED
2020-07-23 11:50:26,0,3.98,1,Free_feed,Pellet,Left,0,0,480,29.0,0,FED
2020-07-23 11:50:39,0,3.99,1,Free_feed,Pellet,Left,0,0,481,10.0,0,FED
2020-07-23 11:50:53,0,3.98,2,Free_feed,Pellet,Left,0,0,482,8.0,0,FED
2020-07-23 11:51:10,0,3.98,1,Free_feed,Pellet,Left,0,0,483,14.0,0,FED
2020-07-23 11:51:25,0,3.98,1,Free_feed,Pellet,Left,0,0,484,13.0,0,FED
2020-07-23 11:54:09,0,3.98,1,Free_feed,Pellet,Left,0,0,485,0.0,0,FED
2020-07-23 11:54:48,0,3.98,1,Free_feed,Pellet,Left,0,0,486,36.0,0,FED
2020-07-23 11:54:58,0,3.98,1,Free_feed,Pellet,Left,0,0,487,7.0,0,FED
2020-07-23 11:55:02,0,3.98,1,Free_feed,Pellet,Left,0,0,488,1.0,0,FED
2020-07-23 11:55:16,0,3.98,1,Free_feed,Pellet,Left,0,0,489,11.0,0,FED
2020-07-23 11:55:52,0,3.98,1,Free_feed,Pellet,Left,0,0,490,33.0,0,FED
2020-07-23 12:08:11,0,3.98,1,Free_feed,Pellet,Left,0,0,491,0.0,0,FED
2020-07-23 13:19:01,0,3.98,2,Free_feed,Pellet,Left,0,0,492,1.0,0,FED
2020-07-23 13:20:20,0,3.98,1,Free_feed,Pellet,Left,0,0,493,30.0,0,FED
2020-07-23 13:20:34,0,3.98,2,Free_feed,Pellet,Left,0,0,494,10.0,0,FED
2020-07-23 13:20:51,0,3.98,1,Free_feed,Pellet,Left,0,0,495,14.0,0,FED
2020-07-23 13:21:02,0,3.98,1,Free_feed,Pellet,Left,0,0,496,8.0,0,FED
2020-07-23 13:21:19,0,3.98,1,Free_feed,Pellet,Left,0,0,497,14.0,0,FED
2020-07-23 13:21:33,0,3.98,1,Free_feed,Pellet,Left,0,0,498,11.0,0,FED
2020-07-23 13:21:50,0,3.98,1,Free_feed,Pellet,Left,0,0,499,14.0,0,FED
2020-07-23 13:22:05,0,3.98,1,Free_feed,Pellet,Left,0,0,500,13.0,0,FED
2020-07-23 13:22:21,0,3.98,1,Free_feed,Pellet,Left,0,0,501,13.0,0,FED
2020-07-23 13:22:37,0,3.98,1,Free_feed,Pellet,Left,0,0,502,13.0,0,FED
2020-07-23 13:22:55,0,3.98,1,Free_feed,Pellet,Left,0,0,503,15.0,0,FED
2020-07-23 13:23:10,0,3.98,1,Free_feed,Pellet,Left,0,0,504,12.0,0,FED
2020-07-23 13:23:31,0,3.97,2,Free_feed,Pellet,Left,0,0,505,16.0,0,FED
2020-07-23 13:23:51,0,3.98,1,Free_feed,Pellet,Left,0,0,506,17.0,0,FED
2020-07-23 15:07:47,0,3.98,1,Free_feed,Pellet,Left,0,0,507,0.0,0,FED
2020-07-23 15:07:52,0,3.97,1,Free_feed,Pellet,Left,0,0,508,3.0,0,FED
2020-07-23 15:08:08,0,3.98,1,Free_feed,Pellet,Left,0,0,509,13.0,0,FED
2020-07-23 15:08:23,0,3.97,1,Free_feed,Pellet,Left,0,0,510,12.0,0,FED
2020-07-23 15:08:37,0,3.98,1,Free_feed,Pellet,Left,0,0,511,11.0,0,FED
2020-07-23 15:08:54,0,3.98,1,Free_feed,Pellet,Left,0,0,512,14.0,0,FED
2020-07-23 15:09:17,0,3.97,1,Free_feed,Pellet,Left,0,0,513,21.0,0,FED
2020-07-23 15:09:34,0,3.98,1,Free_feed,Pellet,Left,0,0,514,14.0,0,FED
2020-07-23 17:08:27,0,3.97,1,Free_feed,Pellet,Left,0,0,515,0.0,0,FED
2020-07-23 17:08:33,0,3.97,1,Free_feed,Pellet,Left,0,0,516,4.0,0,FED
2020-07-23 17:08:45,0,3.97,2,Free_feed,Pellet,Left,0,0,517,7.0,0,FED
2020-07-23 17:08:49,0,3.97,1,Free_feed,Pellet,Left,0,0,518,2.0,0,FED
2020-07-23 17:09:01,0,3.97,1,Free_feed,Pellet,Left,0,0,519,10.0,0,FED
2020-07-23 17:09:19,0,3.96,2,Free_feed,Pellet,Left,0,0,520,13.0,0,FED
2020-07-23 17:09:37,0,3.97,1,Free_feed,Pellet,Left,0,0,521,15.0,0,FED
2020-07-23 17:09:52,0,3.97,1,Free_feed,Pellet,Left,0,0,522,12.0,0,FED
2020-07-23 17:10:08,0,3.97,1,Free_feed,Pellet,Left,0,0,523,13.0,0,FED
2020-07-23 17:10:32,0,3.97,1,Free_feed,Pellet,Left,0,0,524,21.0,0,FED
2020-07-23 17:10:49,0,3.96,1,Free_feed,Pellet,Left,0,0,525,14.0,0,FED
2020-07-23 17:17:31,0,3.97,1,Free_feed,Pellet,Left,0,0,526,0.0,0,FED
2020-07-23 17:17:52,0,3.97,1,Free_feed,Pellet,Left,0,0,527,10.0,0,FED
2020-07-23 17:18:07,0,3.97,1,Free_feed,Pellet,Left,0,0,528,12.0,0,FED
2020-07-23 17:18:22,0,3.96,1,Free_feed,Pellet,Left,0,0,529,12.0,0,FED
2020-07-23 17:18:34,0,3.96,1,Free_feed,Pellet,Left,0,0,530,10.0,0,FED
2020-07-23 18:12:06,0,3.97,1,Free_feed,Pellet,Left,0,0,531,12.0,0,FED
2020-07-23 18:12:27,0,3.97,1,Free_feed,Pellet,Left,0,0,532,18.0,0,FED
2020-07-23 19:27:00,0,3.97,1,Free_feed,Pellet,Left,0,0,533,0.0,0,FED
2020-07-23 19:27:04,0,3.96,1,Free_feed,Pellet,Left,0,0,534,2.0,0,FED
2020-07-23 19:27:08,0,3.96,1,Free_feed,Pellet,Left,0,0,535,1.0,0,FED
2020-07-23 19:27:19,0,3.96,1,Free_feed,Pellet,Left,0,0,536,9.0,0,FED
2020-07-23 19:27:55,0,3.97,1,Free_feed,Pellet,Left,0,0,537,33.0,0,FED
2020-07-23 19:28:22,0,3.97,2,Free_feed,Pellet,Left,0,0,538,23.0,0,FED
2020-07-23 19:28:26,0,3.96,1,Free_feed,Pellet,Left,0,0,539,2.0,0,FED
2020-07-23 19:28:42,0,3.96,1,Free_feed,Pellet,Left,0,0,540,13.0,0,FED
2020-07-23 19:29:00,0,3.96,1,Free_feed,Pellet,Left,0,0,541,15.0,0,FED
2020-07-23 19:29:21,0,3.96,1,Free_feed,Pellet,Left,0,0,542,18.0,0,FED
2020-07-23 19:29:43,0,3.96,1,Free_feed,Pellet,Left,0,0,543,19.0,0,FED
2020-07-23 19:31:40,0,3.97,1,Free_feed,Pellet,Left,0,0,544,113.0,0,FED
2020-07-23 20:38:48,0,3.95,1,Free_feed,Pellet,Left,0,0,545,44.0,0,FED
2020-07-23 20:38:57,0,3.96,1,Free_feed,Pellet,Left,0,0,546,6.0,0,FED
2020-07-23 20:45:59,0,3.96,1,Free_feed,Pellet,Left,0,0,547,0.0,0,FED
2020-07-23 20:46:09,0,3.96,1,Free_feed,Pellet,Left,0,0,548,3.0,0,FED
2020-07-23 20:46:23,0,3.96,1,Free_feed,Pellet,Left,0,0,549,12.0,0,FED
2020-07-23 20:46:37,0,3.96,1,Free_feed,Pellet,Left,0,0,550,11.0,0,FED
2020-07-23 20:46:51,0,3.96,1,Free_feed,Pellet,Left,0,0,551,12.0,0,FED
2020-07-23 20:47:09,0,3.96,1,Free_feed,Pellet,Left,0,0,552,15.0,0,FED
2020-07-23 20:47:26,0,3.96,1,Free_feed,Pellet,Left,0,0,553,14.0,0,FED
2020-07-23 20:47:42,0,3.96,1,Free_feed,Pellet,Left,0,0,554,13.0,0,FED
2020-07-23 21:11:13,0,3.96,1,Free_feed,Pellet,Left,0,0,555,0.0,0,FED
2020-07-23 21:11:33,0,3.96,1,Free_feed,Pellet,Left,0,0,556,17.0,0,FED
2020-07-23 21:11:39,0,3.96,1,Free_feed,Pellet,Left,0,0,557,3.0,0,FED
2020-07-23 21:11:48,0,3.96,1,Free_feed,Pellet,Left,0,0,558,6.0,0,FED
2020-07-23 21:12:45,0,3.96,1,Free_feed,Pellet,Left,0,0,559,54.0,0,FED
2020-07-23 21:14:19,0,3.96,1,Free_feed,Pellet,Left,0,0,560,91.0,0,FED
2020-07-23 21:14:30,0,3.96,1,Free_feed,Pellet,Left,0,0,561,9.0,0,FED
2020-07-23 21:14:43,0,3.96,1,Free_feed,Pellet,Left,0,0,562,11.0,0,FED
2020-07-23 21:14:58,0,3.96,1,Free_feed,Pellet,Left,0,0,563,12.0,0,FED
2020-07-23 21:15:13,0,3.96,1,Free_feed,Pellet,Left,0,0,564,11.0,0,FED
2020-07-23 21:15:30,0,3.96,1,Free_feed,Pellet,Left,0,0,565,15.0,0,FED
2020-07-23 21:15:46,0,3.96,1,Free_feed,Pellet,Left,0,0,566,14.0,0,FED
2020-07-23 21:16:06,0,3.94,1,Free_feed,Pellet,Left,0,0,567,17.0,0,FED
2020-07-23 21:16:25,0,3.96,1,Free_feed,Pellet,Left,0,0,568,16.0,0,FED
2020-07-23 21:16:41,0,3.96,1,Free_feed,Pellet,Left,0,0,569,14.0,0,FED
2020-07-23 21:16:58,0,3.96,1,Free_feed,Pellet,Left,0,0,570,14.0,0,FED
2020-07-23 21:29:14,0,3.96,1,Free_feed,Pellet,Left,0,0,571,0.0,0,FED
2020-07-23 21:44:18,0,3.96,1,Free_feed,Pellet,Left,0,0,572,0.0,0,FED
2020-07-23 21:44:27,0,3.96,1,Free_feed,Pellet,Left,0,0,573,6.0,0,FED
2020-07-23 21:44:47,0,3.96,1,Free_feed,Pellet,Left,0,0,574,18.0,0,FED
2020-07-23 21:44:59,0,3.96,1,Free_feed,Pellet,Left,0,0,575,9.0,0,FED
2020-07-23 21:45:20,0,3.96,1,Free_feed,Pellet,Left,0,0,576,19.0,0,FED
2020-07-23 21:45:34,0,3.96,1,Free_feed,Pellet,Left,0,0,577,11.0,0,FED
2020-07-23 21:45:49,0,3.96,1,Free_feed,Pellet,Left,0,0,578,12.0,0,FED
2020-07-23 21:46:06,0,3.96,1,Free_feed,Pellet,Left,0,0,579,14.0,0,FED
2020-07-23 21:46:24,0,3.96,1,Free_feed,Pellet,Left,0,0,580,15.0,0,FED
2020-07-23 22:16:51,0,3.96,1,Free_feed,Pellet,Left,0,0,581,0.0,0,FED
2020-07-23 22:17:29,0,3.96,1,Free_feed,Pellet,Left,0,0,582,34.0,0,FED
2020-07-23 22:19:14,0,3.96,1,Free_feed,Pellet,Left,0,0,583,103.0,0,FED
2020-07-23 22:19:58,0,3.96,1,Free_feed,Pellet,Left,0,0,584,41.0,0,FED
2020-07-23 22:20:07,0,3.96,1,Free_feed,Pellet,Left,0,0,585,7.0,0,FED
2020-07-23 22:20:22,0,3.95,1,Free_feed,Pellet,Left,0,0,586,12.0,0,FED
2020-07-23 22:20:37,0,3.96,1,Free_feed,Pellet,Left,0,0,587,13.0,0,FED
2020-07-23 22:20:51,0,3.96,1,Free_feed,Pellet,Left,0,0,588,11.0,0,FED
2020-07-23 22:21:05,0,3.96,1,Free_feed,Pellet,Left,0,0,589,11.0,0,FED
2020-07-23 22:21:23,0,3.96,1,Free_feed,Pellet,Left,0,0,590,15.0,0,FED
2020-07-23 22:21:39,0,3.96,1,Free_feed,Pellet,Left,0,0,591,13.0,0,FED
2020-07-23 22:21:57,0,3.96,1,Free_feed,Pellet,Left,0,0,592,15.0,0,FED
2020-07-23 22:22:13,0,3.95,1,Free_feed,Pellet,Left,0,0,593,12.0,0,FED
2020-07-23 22:22:30,0,3.96,2,Free_feed,Pellet,Left,0,0,594,13.0,0,FED
2020-07-23 22:22:44,0,3.96,1,Free_feed,Pellet,Left,0,0,595,12.0,0,FED
2020-07-23 22:23:03,0,3.96,1,Free_feed,Pellet,Left,0,0,596,16.0,0,FED
2020-07-23 22:42:11,0,3.95,1,Free_feed,Pellet,Left,0,0,597,0.0,0,FED
2020-07-23 23:03:02,0,3.96,1,Free_feed,Pellet,Left,0,0,598,0.0,0,FED
2020-07-23 23:03:05,0,3.96,1,Free_feed,Pellet,Left,0,0,599,0.0,0,FED
2020-07-23 23:03:15,0,3.95,1,Free_feed,Pellet,Left,0,0,600,7.0,0,FED
2020-07-23 23:03:34,0,3.95,1,Free_feed,Pellet,Left,0,0,601,15.0,0,FED
2020-07-23 23:03:44,0,3.96,1,Free_feed,Pellet,Left,0,0,602,8.0,0,FED
2020-07-23 23:03:59,0,3.95,1,Free_feed,Pellet,Left,0,0,603,12.0,0,FED
2020-07-23 23:04:14,0,3.96,1,Free_feed,Pellet,Left,0,0,604,12.0,0,FED
2020-07-23 23:04:32,0,3.96,1,Free_feed,Pellet,Left,0,0,605,15.0,0,FED
2020-07-23 23:04:49,0,3.95,1,Free_feed,Pellet,Left,0,0,606,13.0,0,FED
2020-07-23 23:05:04,0,3.96,2,Free_feed,Pellet,Left,0,0,607,11.0,0,FED
2020-07-23 23:05:24,0,3.95,1,Free_feed,Pellet,Left,0,0,608,17.0,0,FED
2020-07-23 23:05:35,0,3.96,1,Free_feed,Pellet,Left,0,0,609,8.0,0,FED
2020-07-23 23:05:44,0,3.95,1,Free_feed,Pellet,Left,0,0,610,6.0,0,FED
2020-07-23 23:06:03,0,3.95,1,Free_feed,Pellet,Left,0,0,611,16.0,0,FED
2020-07-23 23:06:14,0,3.96,1,Free_feed,Pellet,Left,0,0,612,8.0,0,FED
2020-07-23 23:06:36,0,3.96,1,Free_feed,Pellet,Left,0,0,613,19.0,0,FED
2020-07-23 23:06:53,0,3.95,1,Free_feed,Pellet,Left,0,0,614,13.0,0,FED
2020-07-23 23:07:08,0,3.96,1,Free_feed,Pellet,Left,0,0,615,13.0,0,FED
2020-07-23 23:25:59,0,3.96,1,Free_feed,Pellet,Left,0,0,616,0.0,0,FED
2020-07-23 23:26:14,0,3.96,1,Free_feed,Pellet,Left,0,0,617,12.0,0,FED
2020-07-23 23:26:28,0,3.96,1,Free_feed,Pellet,Left,0,0,618,11.0,0,FED
2020-07-23 23:26:45,0,3.95,1,Free_feed,Pellet,Left,0,0,619,15.0,0,FED
2020-07-23 23:27:02,0,3.96,1,Free_feed,Pellet,Left,0,0,620,14.0,0,FED
2020-07-24 00:29:54,0,3.95,1,Free_feed,Pellet,Left,0,0,621,0.0,0,FED
2020-07-24 00:30:31,0,3.95,1,Free_feed,Pellet,Left,0,0,622,4.0,0,FED
2020-07-24 00:30:37,0,3.96,1,Free_feed,Pellet,Left,0,0,623,3.0,0,FED
2020-07-24 00:30:56,0,3.95,2,Free_feed,Pellet,Left,0,0,624,14.0,0,FED
2020-07-24 00:31:00,0,3.95,1,Free_feed,Pellet,Left,0,0,625,1.0,0,FED
2020-07-24 00:31:12,0,3.95,1,Free_feed,Pellet,Left,0,0,626,9.0,0,FED
2020-07-24 00:31:15,0,3.95,1,Free_feed,Pellet,Left,0,0,627,0.0,0,FED
2020-07-24 00:31:25,0,3.95,1,Free_feed,Pellet,Left,0,0,628,7.0,0,FED
2020-07-24 00:31:39,0,3.95,1,Free_feed,Pellet,Left,0,0,629,11.0,0,FED
2020-07-24 00:31:53,0,3.96,1,Free_feed,Pellet,Left,0,0,630,11.0,0,FED
2020-07-24 00:32:07,0,3.95,1,Free_feed,Pellet,Left,0,0,631,11.0,0,FED
2020-07-24 00:32:23,0,3.95,1,Free_feed,Pellet,Left,0,0,632,14.0,0,FED
2020-07-24 00:32:39,0,3.95,1,Free_feed,Pellet,Left,0,0,633,13.0,0,FED
2020-07-24 00:32:54,0,3.95,1,Free_feed,Pellet,Left,0,0,634,12.0,0,FED
2020-07-24 00:33:10,0,3.96,1,Free_feed,Pellet,Left,0,0,635,13.0,0,FED
2020-07-24 00:33:27,0,3.95,1,Free_feed,Pellet,Left,0,0,636,15.0,0,FED
2020-07-24 00:33:44,0,3.95,1,Free_feed,Pellet,Left,0,0,637,14.0,0,FED
2020-07-24 00:33:59,0,3.94,1,Free_feed,Pellet,Left,0,0,638,12.0,0,FED
2020-07-24 00:55:38,0,3.95,1,Free_feed,Pellet,Left,0,0,639,12.0,0,FED
2020-07-24 00:55:52,0,3.95,1,Free_feed,Pellet,Left,0,0,640,10.0,0,FED
2020-07-24 00:56:03,0,3.95,1,Free_feed,Pellet,Left,0,0,641,9.0,0,FED
2020-07-24 00:56:17,0,3.95,1,Free_feed,Pellet,Left,0,0,642,11.0,0,FED
2020-07-24 00:56:29,0,3.95,1,Free_feed,Pellet,Left,0,0,643,8.0,0,FED
2020-07-24 01:11:02,0,3.95,1,Free_feed,Pellet,Left,0,0,644,0.0,0,FED
2020-07-24 01:11:19,0,3.95,1,Free_feed,Pellet,Left,0,0,645,15.0,0,FED
2020-07-24 01:11:32,0,3.94,1,Free_feed,Pellet,Left,0,0,646,10.0,0,FED
2020-07-24 01:11:44,0,3.96,1,Free_feed,Pellet,Left,0,0,647,9.0,0,FED
2020-07-24 03:24:40,0,3.95,1,Free_feed,Pellet,Left,0,0,648,0.0,0,FED
2020-07-24 03:24:50,0,3.94,2,Free_feed,Pellet,Left,0,0,649,1.0,0,FED
2020-07-24 03:25:05,0,3.94,1,Free_feed,Pellet,Left,0,0,650,12.0,0,FED
2020-07-24 03:25:19,0,3.94,1,Free_feed,Pellet,Left,0,0,651,11.0,0,FED
2020-07-24 03:25:33,0,3.94,1,Free_feed,Pellet,Left,0,0,652,11.0,0,FED
2020-07-24 03:25:51,0,3.94,1,Free_feed,Pellet,Left,0,0,653,14.0,0,FED
2020-07-24 03:26:07,0,3.94,1,Free_feed,Pellet,Left,0,0,654,14.0,0,FED
2020-07-24 03:26:21,0,3.94,1,Free_feed,Pellet,Left,0,0,655,11.0,0,FED
2020-07-24 03:26:26,0,3.94,1,Free_feed,Pellet,Left,0,0,656,2.0,0,FED
2020-07-24 03:26:36,0,3.94,1,Free_feed,Pellet,Left,0,0,657,7.0,0,FED
2020-07-24 03:26:49,0,3.94,1,Free_feed,Pellet,Left,0,0,658,11.0,0,FED
2020-07-24 03:27:04,0,3.94,1,Free_feed,Pellet,Left,0,0,659,13.0,0,FED
2020-07-24 03:27:18,0,3.94,1,Free_feed,Pellet,Left,0,0,660,11.0,0,FED
2020-07-24 03:27:34,0,3.95,1,Free_feed,Pellet,Left,0,0,661,13.0,0,FED
2020-07-24 03:34:08,0,3.94,1,Free_feed,Pellet,Left,0,0,662,0.0,0,FED
2020-07-24 03:34:14,0,3.94,1,Free_feed,Pellet,Left,0,0,663,4.0,0,FED
2020-07-24 03:34:46,0,3.94,1,Free_feed,Pellet,Left,0,0,664,29.0,0,FED
2020-07-24 03:54:41,0,3.94,1,Free_feed,Pellet,Left,0,0,665,2.0,0,FED
2020-07-24 03:54:56,0,3.94,1,Free_feed,Pellet,Left,0,0,666,12.0,0,FED
2020-07-24 03:55:10,0,3.94,1,Free_feed,Pellet,Left,0,0,667,11.0,0,FED
2020-07-24 03:55:13,0,3.94,1,Free_feed,Pellet,Left,0,0,668,1.0,0,FED
2020-07-24 03:55:21,0,3.94,1,Free_feed,Pellet,Left,0,0,669,5.0,0,FED
2020-07-24 03:56:16,0,3.95,1,Free_feed,Pellet,Left,0,0,670,52.0,0,FED
2020-07-24 04:03:15,0,3.94,1,Free_feed,Pellet,Left,0,0,671,0.0,0,FED
2020-07-24 06:16:33,0,3.94,1,Free_feed,Pellet,Left,0,0,672,2.0,0,FED
2020-07-24 06:16:58,0,3.94,1,Free_feed,Pellet,Left,0,0,673,23.0,0,FED
2020-07-24 06:17:21,0,3.94,1,Free_feed,Pellet,Left,0,0,674,20.0,0,FED
2020-07-24 06:17:27,0,3.94,1,Free_feed,Pellet,Left,0,0,675,1.0,0,FED
2020-07-24 06:17:33,0,3.94,1,Free_feed,Pellet,Left,0,0,676,3.0,0,FED
2020-07-24 06:17:56,0,3.94,1,Free_feed,Pellet,Left,0,0,677,20.0,0,FED
2020-07-24 06:18:11,0,3.94,1,Free_feed,Pellet,Left,0,0,678,12.0,0,FED
2020-07-24 06:18:31,0,3.94,1,Free_feed,Pellet,Left,0,0,679,18.0,0,FED
2020-07-24 06:18:50,0,3.94,1,Free_feed,Pellet,Left,0,0,680,16.0,0,FED
2020-07-24 06:19:10,0,3.94,1,Free_feed,Pellet,Left,0,0,681,18.0,0,FED
2020-07-24 06:19:30,0,3.94,1,Free_feed,Pellet,Left,0,0,682,18.0,0,FED
2020-07-24 07:29:36,0,3.94,2,Free_feed,Pellet,Left,0,0,683,0.0,0,FED
2020-07-24 07:34:02,0,3.93,1,Free_feed,Pellet,Left,0,0,684,3.0,0,FED
2020-07-24 07:34:11,0,3.94,1,Free_feed,Pellet,Left,0,0,685,6.0,0,FED
2020-07-24 07:34:26,0,3.94,1,Free_feed,Pellet,Left,0,0,686,13.0,0,FED
2020-07-24 07:34:37,0,3.94,1,Free_feed,Pellet,Left,0,0,687,8.0,0,FED
2020-07-24 07:34:52,0,3.94,1,Free_feed,Pellet,Left,0,0,688,12.0,0,FED
2020-07-24 07:35:07,0,3.94,1,Free_feed,Pellet,Left,0,0,689,13.0,0,FED
2020-07-24 07:35:22,0,3.94,1,Free_feed,Pellet,Left,0,0,690,13.0,0,FED
2020-07-24 07:35:38,0,3.94,1,Free_feed,Pellet,Left,0,0,691,13.0,0,FED
2020-07-24 07:35:57,0,3.94,1,Free_feed,Pellet,Left,0,0,692,16.0,0,FED
2020-07-24 07:36:15,0,3.93,1,Free_feed,Pellet,Left,0,0,693,15.0,0,FED
2020-07-24 07:36:31,0,3.94,1,Free_feed,Pellet,Left,0,0,694,13.0,0,FED
2020-07-24 07:36:53,0,3.94,1,Free_feed,Pellet,Left,0,0,695,19.0,0,FED
2020-07-24 07:37:13,0,3.93,2,Free_feed,Pellet,Left,0,0,696,15.0,0,FED
2020-07-24 07:39:10,0,3.94,1,Free_feed,Pellet,Left,0,0,697,113.0,0,FED
2020-07-24 07:39:23,0,3.94,1,Free_feed,Pellet,Left,0,0,698,11.0,0,FED
2020-07-24 07:39:42,0,3.94,1,Free_feed,Pellet,Left,0,0,699,16.0,0,FED
2020-07-24 07:40:00,0,3.93,1,Free_feed,Pellet,Left,0,0,700,15.0,0,FED
2020-07-24 08:36:29,0,3.93,1,Free_feed,Pellet,Left,0,0,701,0.0,0,FED
2020-07-24 09:23:54,0,3.94,1,Free_feed,Pellet,Left,0,0,702,0.0,0,FED
2020-07-24 09:24:13,0,3.93,1,Free_feed,Pellet,Left,0,0,703,16.0,0,FED
2020-07-24 09:24:26,0,3.93,1,Free_feed,Pellet,Left,0,0,704,11.0,0,FED
2020-07-24 09:24:43,0,3.93,1,Free_feed,Pellet,Left,0,0,705,14.0,0,FED
2020-07-24 09:25:03,0,3.93,1,Free_feed,Pellet,Left,0,0,706,17.0,0,FED
2020-07-24 09:25:19,0,3.94,1,Free_feed,Pellet,Left,0,0,707,13.0,0,FED
2020-07-24 09:25:56,0,3.93,1,Free_feed,Pellet,Left,0,0,708,34.0,0,FED
2020-07-24 09:26:40,0,3.93,1,Free_feed,Pellet,Left,0,0,709,41.0,0,FED
2020-07-24 10:21:01,0,3.93,1,Free_feed,Pellet,Left,0,0,710,2.0,0,FED
2020-07-24 10:36:13,0,3.93,1,Free_feed,Pellet,Left,0,0,711,0.0,0,FED
2020-07-24 10:36:17,0,3.93,1,Free_feed,Pellet,Left,0,0,712,2.0,0,FED
2020-07-24 10:36:28,0,3.93,1,Free_feed,Pellet,Left,0,0,713,8.0,0,FED
2020-07-24 10:36:49,0,3.93,1,Free_feed,Pellet,Left,0,0,714,18.0,0,FED
2020-07-24 10:37:04,0,3.93,1,Free_feed,Pellet,Left,0,0,715,12.0,0,FED
2020-07-24 10:37:21,0,3.93,1,Free_feed,Pellet,Left,0,0,716,15.0,0,FED
2020-07-24 10:37:35,0,3.93,1,Free_feed,Pellet,Left,0,0,717,11.0,0,FED
2020-07-24 10:37:52,0,3.93,1,Free_feed,Pellet,Left,0,0,718,14.0,0,FED
2020-07-24 10:38:09,0,3.93,2,Free_feed,Pellet,Left,0,0,719,12.0,0,FED
2020-07-24 10:38:22,0,3.93,1,Free_feed,Pellet,Left,0,0,720,10.0,0,FED
2020-07-24 10:38:40,0,3.93,1,Free_feed,Pellet,Left,0,0,721,15.0,0,FED
2020-07-24 10:39:00,0,3.93,1,Free_feed,Pellet,Left,0,0,722,17.0,0,FED
2020-07-24 11:32:12,0,3.93,1,Free_feed,Pellet,Left,0,0,723,0.0,0,FED
2020-07-24 12:18:42,0,3.93,1,Free_feed,Pellet,Left,0,0,724,0.0,0,FED
2020-07-24 12:18:46,0,3.93,1,Free_feed,Pellet,Left,0,0,725,1.0,0,FED
2020-07-24 12:18:58,0,3.93,1,Free_feed,Pellet,Left,0,0,726,10.0,0,FED
2020-07-24 12:19:16,0,3.93,1,Free_feed,Pellet,Left,0,0,727,15.0,0,FED
2020-07-24 12:19:33,0,3.93,1,Free_feed,Pellet,Left,0,0,728,14.0,0,FED
2020-07-24 12:19:50,0,3.93,1,Free_feed,Pellet,Left,0,0,729,14.0,0,FED
2020-07-24 12:20:09,0,3.93,1,Free_feed,Pellet,Left,0,0,730,16.0,0,FED
2020-07-24 12:20:28,0,3.93,1,Free_feed,Pellet,Left,0,0,731,16.0,0,FED
2020-07-24 12:20:48,0,3.93,2,Free_feed,Pellet,Left,0,0,732,15.0,0,FED
2020-07-24 12:21:09,0,3.93,1,Free_feed,Pellet,Left,0,0,733,18.0,0,FED
2020-07-24 13:24:50,0,3.93,1,Free_feed,Pellet,Left,0,0,734,0.0,0,FED
2020-07-24 13:25:05,0,3.93,1,Free_feed,Pellet,Left,0,0,735,12.0,0,FED
2020-07-24 13:25:20,0,3.92,2,Free_feed,Pellet,Left,0,0,736,10.0,0,FED
2020-07-24 13:25:31,0,3.93,1,Free_feed,Pellet,Left,0,0,737,8.0,0,FED
2020-07-24 13:25:50,0,3.93,1,Free_feed,Pellet,Left,0,0,738,15.0,0,FED
2020-07-24 13:26:03,0,3.93,1,Free_feed,Pellet,Left,0,0,739,11.0,0,FED
2020-07-24 15:04:16,0,3.92,1,Free_feed,Pellet,Left,0,0,740,0.0,0,FED
2020-07-24 15:04:44,0,3.92,1,Free_feed,Pellet,Left,0,0,741,25.0,0,FED
2020-07-24 15:04:57,0,3.93,1,Free_feed,Pellet,Left,0,0,742,10.0,0,FED
2020-07-24 15:05:19,0,3.93,1,Free_feed,Pellet,Left,0,0,743,19.0,0,FED
2020-07-24 16:45:47,0,3.92,1,Free_feed,Pellet,Left,0,0,744,0.0,0,FED
2020-07-24 16:45:53,0,3.92,1,Free_feed,Pellet,Left,0,0,745,3.0,0,FED
2020-07-24 16:46:18,0,3.92,1,Free_feed,Pellet,Left,0,0,746,22.0,0,FED
2020-07-24 16:46:41,0,3.92,1,Free_feed,Pellet,Left,0,0,747,21.0,0,FED
2020-07-24 16:46:44,0,3.92,1,Free_feed,Pellet,Left,0,0,748,1.0,0,FED
2020-07-24 16:46:57,0,3.92,2,Free_feed,Pellet,Left,0,0,749,8.0,0,FED
2020-07-24 16:47:14,0,3.92,1,Free_feed,Pellet,Left,0,0,750,14.0,0,FED
2020-07-24 16:47:34,0,3.92,1,Free_feed,Pellet,Left,0,0,751,18.0,0,FED
2020-07-24 18:14:38,0,3.92,1,Free_feed,Pellet,Left,0,0,752,0.0,0,FED
2020-07-24 18:14:42,0,3.92,1,Free_feed,Pellet,Left,0,0,753,1.0,0,FED
2020-07-24 18:14:54,0,3.91,1,Free_feed,Pellet,Left,0,0,754,10.0,0,FED
2020-07-24 18:14:58,0,3.91,1,Free_feed,Pellet,Left,0,0,755,0.0,0,FED
2020-07-24 18:15:12,0,3.92,1,Free_feed,Pellet,Left,0,0,756,12.0,0,FED
2020-07-24 18:15:25,0,3.92,1,Free_feed,Pellet,Left,0,0,757,10.0,0,FED
2020-07-24 18:15:40,0,3.92,1,Free_feed,Pellet,Left,0,0,758,12.0,0,FED
2020-07-24 18:16:00,0,3.92,1,Free_feed,Pellet,Left,0,0,759,18.0,0,FED
2020-07-24 18:16:16,0,3.91,1,Free_feed,Pellet,Left,0,0,760,13.0,0,FED
2020-07-24 18:16:36,0,3.92,1,Free_feed,Pellet,Left,0,0,761,17.0,0,FED
2020-07-24 18:16:39,0,3.92,2,Free_feed,Pellet,Left,0,0,762,0.0,0,FED
2020-07-24 18:16:45,0,3.92,1,Free_feed,Pellet,Left,0,0,763,3.0,0,FED
2020-07-24 18:17:00,0,3.92,1,Free_feed,Pellet,Left,0,0,764,12.0,0,FED
2020-07-24 18:17:18,0,3.91,1,Free_feed,Pellet,Left,0,0,765,16.0,0,FED
2020-07-24 18:17:38,0,3.92,1,Free_feed,Pellet,Left,0,0,766,17.0,0,FED
2020-07-24 18:17:59,0,3.91,1,Free_feed,Pellet,Left,0,0,767,19.0,0,FED
2020-07-24 18:18:19,0,3.92,1,Free_feed,Pellet,Left,0,0,768,17.0,0,FED
2020-07-24 18:18:37,0,3.91,1,Free_feed,Pellet,Left,0,0,769,15.0,0,FED
2020-07-24 19:50:01,0,3.92,1,Free_feed,Pellet,Left,0,0,770,0.0,0,FED
2020-07-24 19:50:08,0,3.91,1,Free_feed,Pellet,Left,0,0,771,5.0,0,FED
2020-07-24 19:50:20,0,3.91,1,Free_feed,Pellet,Left,0,0,772,9.0,0,FED
2020-07-24 19:50:24,0,3.91,1,Free_feed,Pellet,Left,0,0,773,1.0,0,FED
2020-07-24 19:50:37,0,3.91,1,Free_feed,Pellet,Left,0,0,774,10.0,0,FED
2020-07-24 19:50:55,0,3.91,1,Free_feed,Pellet,Left,0,0,775,16.0,0,FED
2020-07-24 19:51:10,0,3.91,1,Free_feed,Pellet,Left,0,0,776,12.0,0,FED
2020-07-24 19:51:31,0,3.91,1,Free_feed,Pellet,Left,0,0,777,19.0,0,FED
2020-07-24 19:51:51,0,3.91,1,Free_feed,Pellet,Left,0,0,778,17.0,0,FED
2020-07-24 19:52:11,0,3.91,1,Free_feed,Pellet,Left,0,0,779,17.0,0,FED
2020-07-24 19:52:27,0,3.91,1,Free_feed,Pellet,Left,0,0,780,13.0,0,FED
2020-07-24 19:58:46,0,3.91,1,Free_feed,Pellet,Left,0,0,781,0.0,0,FED
2020-07-24 19:59:03,0,3.91,1,Free_feed,Pellet,Left,0,0,782,13.0,0,FED
2020-07-24 19:59:27,0,3.91,1,Free_feed,Pellet,Left,0,0,783,22.0,0,FED
2020-07-24 21:02:01,0,3.91,1,Free_feed,Pellet,Left,0,0,784,0.0,0,FED
2020-07-24 21:05:00,0,3.91,1,Free_feed,Pellet,Left,0,0,785,0.0,0,FED
2020-07-24 21:14:50,0,3.91,1,Free_feed,Pellet,Left,0,0,786,3.0,0,FED
2020-07-24 21:14:58,0,3.91,1,Free_feed,Pellet,Left,0,0,787,6.0,0,FED
2020-07-24 21:15:16,0,3.91,1,Free_feed,Pellet,Left,0,0,788,16.0,0,FED
2020-07-24 21:15:24,0,3.91,1,Free_feed,Pellet,Left,0,0,789,6.0,0,FED
2020-07-24 21:15:38,0,3.91,1,Free_feed,Pellet,Left,0,0,790,12.0,0,FED
2020-07-24 21:15:53,0,3.91,1,Free_feed,Pellet,Left,0,0,791,12.0,0,FED
2020-07-24 21:16:10,0,3.91,1,Free_feed,Pellet,Left,0,0,792,15.0,0,FED
2020-07-24 21:16:28,0,3.91,1,Free_feed,Pellet,Left,0,0,793,15.0,0,FED
2020-07-24 21:16:41,0,3.91,1,Free_feed,Pellet,Left,0,0,794,10.0,0,FED
2020-07-24 21:17:01,0,3.91,1,Free_feed,Pellet,Left,0,0,795,17.0,0,FED
2020-07-24 21:50:19,0,3.91,1,Free_feed,Pellet,Left,0,0,796,0.0,0,FED
2020-07-24 21:50:24,0,3.91,2,Free_feed,Pellet,Left,0,0,797,2.0,0,FED
2020-07-24 21:50:39,0,3.91,1,Free_feed,Pellet,Left,0,0,798,12.0,0,FED
2020-07-24 21:50:52,0,3.91,1,Free_feed,Pellet,Left,0,0,799,11.0,0,FED
2020-07-24 21:51:08,0,3.91,1,Free_feed,Pellet,Left,0,0,800,13.0,0,FED
2020-07-24 21:51:27,0,3.91,1,Free_feed,Pellet,Left,0,0,801,15.0,0,FED
2020-07-24 21:51:40,0,3.91,1,Free_feed,Pellet,Left,0,0,802,10.0,0,FED
2020-07-24 21:51:58,0,3.91,1,Free_feed,Pellet,Left,0,0,803,15.0,0,FED
2020-07-24 21:52:18,0,3.91,1,Free_feed,Pellet,Left,0,0,804,17.0,0,FED
2020-07-24 21:52:36,0,3.91,1,Free_feed,Pellet,Left,0,0,805,15.0,0,FED
2020-07-24 21:52:56,0,3.91,1,Free_feed,Pellet,Left,0,0,806,17.0,0,FED
2020-07-24 21:53:09,0,3.91,1,Free_feed,Pellet,Left,0,0,807,10.0,0,FED
2020-07-24 21:53:30,0,3.91,1,Free_feed,Pellet,Left,0,0,808,18.0,0,FED
2020-07-24 22:13:01,0,3.91,1,Free_feed,Pellet,Left,0,0,809,0.0,0,FED
2020-07-24 22:13:15,0,3.91,1,Free_feed,Pellet,Left,0,0,810,11.0,0,FED
2020-07-24 22:13:29,0,3.91,1,Free_feed,Pellet,Left,0,0,811,11.0,0,FED
2020-07-24 22:13:44,0,3.91,1,Free_feed,Pellet,Left,0,0,812,12.0,0,FED
2020-07-24 22:14:02,0,3.91,1,Free_feed,Pellet,Left,0,0,813,15.0,0,FED
2020-07-24 22:40:39,0,3.91,1,Free_feed,Pellet,Left,0,0,814,0.0,0,FED
2020-07-24 22:40:44,0,3.91,1,Free_feed,Pellet,Left,0,0,815,3.0,0,FED
2020-07-24 22:40:59,0,3.91,1,Free_feed,Pellet,Left,0,0,816,12.0,0,FED
2020-07-24 22:41:16,0,3.91,1,Free_feed,Pellet,Left,0,0,817,15.0,0,FED
2020-07-24 22:41:30,0,3.91,2,Free_feed,Pellet,Left,0,0,818,11.0,0,FED
2020-07-24 22:41:49,0,3.91,1,Free_feed,Pellet,Left,0,0,819,16.0,0,FED
2020-07-24 22:42:05,0,3.91,1,Free_feed,Pellet,Left,0,0,820,13.0,0,FED
2020-07-24 22:42:20,0,3.91,1,Free_feed,Pellet,Left,0,0,821,11.0,0,FED
2020-07-24 22:42:39,0,3.91,1,Free_feed,Pellet,Left,0,0,822,17.0,0,FED
2020-07-24 22:43:00,0,3.91,1,Free_feed,Pellet,Left,0,0,823,18.0,0,FED
2020-07-24 22:43:17,0,3.91,1,Free_feed,Pellet,Left,0,0,824,14.0,0,FED
2020-07-24 22:43:35,0,3.91,1,Free_feed,Pellet,Left,0,0,825,16.0,0,FED
2020-07-24 22:43:53,0,3.91,1,Free_feed,Pellet,Left,0,0,826,16.0,0,FED
2020-07-24 22:44:16,0,3.91,1,Free_feed,Pellet,Left,0,0,827,20.0,0,FED
2020-07-24 23:18:08,0,3.91,1,Free_feed,Pellet,Left,0,0,828,0.0,0,FED
2020-07-24 23:18:26,0,3.91,1,Free_feed,Pellet,Left,0,0,829,15.0,0,FED
2020-07-24 23:18:41,0,3.91,1,Free_feed,Pellet,Left,0,0,830,12.0,0,FED
2020-07-24 23:18:57,0,3.91,1,Free_feed,Pellet,Left,0,0,831,13.0,0,FED
2020-07-24 23:58:15,0,3.91,1,Free_feed,Pellet,Left,0,0,832,0.0,0,FED
2020-07-24 23:58:21,0,3.91,1,Free_feed,Pellet,Left,0,0,833,3.0,0,FED
2020-07-24 23:58:37,0,3.91,1,Free_feed,Pellet,Left,0,0,834,14.0,0,FED
2020-07-24 23:59:01,0,3.91,1,Free_feed,Pellet,Left,0,0,835,21.0,0,FED
2020-07-24 23:59:13,0,3.91,1,Free_feed,Pellet,Left,0,0,836,10.0,0,FED
2020-07-24 23:59:28,0,3.91,1,Free_feed,Pellet,Left,0,0,837,12.0,0,FED
2020-07-24 23:59:44,0,3.91,1,Free_feed,Pellet,Left,0,0,838,12.0,0,FED
2020-07-25 00:00:01,0,3.91,1,Free_feed,Pellet,Left,0,0,839,14.0,0,FED
2020-07-25 00:00:18,0,3.91,2,Free_feed,Pellet,Left,0,0,840,12.0,0,FED
2020-07-25 00:00:35,0,3.9,1,Free_feed,Pellet,Left,0,0,841,14.0,0,FED
2020-07-25 00:37:29,0,3.91,1,Free_feed,Pellet,Left,0,0,842,32.0,0,FED
2020-07-25 00:37:33,0,3.9,1,Free_feed,Pellet,Left,0,0,843,2.0,0,FED
2020-07-25 00:37:41,0,3.9,1,Free_feed,Pellet,Left,0,0,844,5.0,0,FED
2020-07-25 00:37:53,0,3.9,1,Free_feed,Pellet,Left,0,0,845,9.0,0,FED
2020-07-25 00:38:07,0,3.91,1,Free_feed,Pellet,Left,0,0,846,11.0,0,FED
2020-07-25 00:38:18,0,3.91,1,Free_feed,Pellet,Left,0,0,847,8.0,0,FED
2020-07-25 00:38:33,0,3.9,1,Free_feed,Pellet,Left,0,0,848,12.0,0,FED
2020-07-25 00:38:46,0,3.9,1,Free_feed,Pellet,Left,0,0,849,11.0,0,FED
2020-07-25 00:39:01,0,3.91,1,Free_feed,Pellet,Left,0,0,850,12.0,0,FED
2020-07-25 01:05:10,0,3.9,1,Free_feed,Pellet,Left,0,0,851,0.0,0,FED
2020-07-25 01:05:14,0,3.91,1,Free_feed,Pellet,Left,0,0,852,1.0,0,FED
2020-07-25 01:05:25,0,3.91,1,Free_feed,Pellet,Left,0,0,853,8.0,0,FED
2020-07-25 01:05:39,0,3.9,1,Free_feed,Pellet,Left,0,0,854,11.0,0,FED
2020-07-25 01:05:54,0,3.9,1,Free_feed,Pellet,Left,0,0,855,12.0,0,FED
2020-07-25 01:06:12,0,3.9,1,Free_feed,Pellet,Left,0,0,856,15.0,0,FED
2020-07-25 01:06:44,0,3.9,1,Free_feed,Pellet,Left,0,0,857,28.0,0,FED
2020-07-25 01:06:48,0,3.91,1,Free_feed,Pellet,Left,0,0,858,1.0,0,FED
2020-07-25 01:06:54,0,3.9,1,Free_feed,Pellet,Left,0,0,859,3.0,0,FED
2020-07-25 01:07:20,0,3.9,1,Free_feed,Pellet,Left,0,0,860,23.0,0,FED
2020-07-25 01:07:26,0,3.9,2,Free_feed,Pellet,Left,0,0,861,2.0,0,FED
2020-07-25 01:07:39,0,3.9,1,Free_feed,Pellet,Left,0,0,862,10.0,0,FED
2020-07-25 01:07:55,0,3.9,1,Free_feed,Pellet,Left,0,0,863,13.0,0,FED
2020-07-25 01:09:19,0,3.91,1,Free_feed,Pellet,Left,0,0,864,67.0,0,FED
2020-07-25 01:56:08,0,3.91,1,Free_feed,Pellet,Left,0,0,865,0.0,0,FED
2020-07-25 01:56:12,0,3.9,1,Free_feed,Pellet,Left,0,0,866,2.0,0,FED
2020-07-25 01:56:25,0,3.9,1,Free_feed,Pellet,Left,0,0,867,10.0,0,FED
2020-07-25 01:56:41,0,3.89,1,Free_feed,Pellet,Left,0,0,868,13.0,0,FED
2020-07-25 01:57:01,0,3.9,1,Free_feed,Pellet,Left,0,0,869,17.0,0,FED
2020-07-25 01:57:12,0,3.9,1,Free_feed,Pellet,Left,0,0,870,9.0,0,FED
2020-07-25 01:57:33,0,3.9,2,Free_feed,Pellet,Left,0,0,871,17.0,0,FED
2020-07-25 01:58:09,0,3.9,1,Free_feed,Pellet,Left,0,0,872,34.0,0,FED
2020-07-25 01:58:17,0,3.91,1,Free_feed,Pellet,Left,0,0,873,5.0,0,FED
2020-07-25 01:58:35,0,3.9,1,Free_feed,Pellet,Left,0,0,874,15.0,0,FED
2020-07-25 01:58:55,0,3.9,1,Free_feed,Pellet,Left,0,0,875,17.0,0,FED
2020-07-25 01:59:11,0,3.9,1,Free_feed,Pellet,Left,0,0,876,14.0,0,FED
2020-07-25 01:59:29,0,3.9,1,Free_feed,Pellet,Left,0,0,877,15.0,0,FED
2020-07-25 02:44:44,0,3.9,1,Free_feed,Pellet,Left,0,0,878,0.0,0,FED
2020-07-25 02:44:48,0,3.89,1,Free_feed,Pellet,Left,0,0,879,2.0,0,FED
2020-07-25 02:45:05,0,3.9,1,Free_feed,Pellet,Left,0,0,880,11.0,0,FED
2020-07-25 02:45:24,0,3.89,1,Free_feed,Pellet,Left,0,0,881,16.0,0,FED
2020-07-25 02:45:31,0,3.9,1,Free_feed,Pellet,Left,0,0,882,4.0,0,FED
2020-07-25 02:45:43,0,3.9,1,Free_feed,Pellet,Left,0,0,883,9.0,0,FED
2020-07-25 02:46:04,0,3.89,1,Free_feed,Pellet,Left,0,0,884,18.0,0,FED
2020-07-25 02:46:20,0,3.9,1,Free_feed,Pellet,Left,0,0,885,13.0,0,FED
2020-07-25 02:48:10,0,3.89,1,Free_feed,Pellet,Left,0,0,886,11.0,0,FED
2020-07-25 02:48:38,0,3.9,2,Free_feed,Pellet,Left,0,0,887,23.0,0,FED
2020-07-25 02:49:18,0,3.9,1,Free_feed,Pellet,Left,0,0,888,37.0,0,FED
2020-07-25 02:51:29,0,3.9,1,Free_feed,Pellet,Left,0,0,889,0.0,0,FED
2020-07-25 02:51:52,0,3.89,1,Free_feed,Pellet,Left,0,0,890,21.0,0,FED
2020-07-25 04:25:16,0,3.9,1,Free_feed,Pellet,Left,0,0,891,0.0,0,FED
2020-07-25 04:25:35,0,3.9,1,Free_feed,Pellet,Left,0,0,892,16.0,0,FED
2020-07-25 04:25:51,0,3.89,1,Free_feed,Pellet,Left,0,0,893,13.0,0,FED
2020-07-25 04:26:05,0,3.89,1,Free_feed,Pellet,Left,0,0,894,11.0,0,FED
2020-07-25 04:26:22,0,3.89,1,Free_feed,Pellet,Left,0,0,895,14.0,0,FED
2020-07-25 04:26:37,0,3.89,1,Free_feed,Pellet,Left,0,0,896,11.0,0,FED
2020-07-25 04:26:53,0,3.89,1,Free_feed,Pellet,Left,0,0,897,13.0,0,FED
2020-07-25 04:27:08,0,3.89,1,Free_feed,Pellet,Left,0,0,898,12.0,0,FED
2020-07-25 04:27:25,0,3.9,1,Free_feed,Pellet,Left,0,0,899,14.0,0,FED
2020-07-25 06:15:19,0,3.9,1,Free_feed,Pellet,Left,0,0,900,0.0,0,FED
2020-07-25 06:18:12,0,3.89,1,Free_feed,Pellet,Left,0,0,901,2.0,0,FED
2020-07-25 06:19:13,0,3.89,1,Free_feed,Pellet,Left,0,0,902,58.0,0,FED
2020-07-25 06:19:17,0,3.89,1,Free_feed,Pellet,Left,0,0,903,1.0,0,FED
2020-07-25 06:19:29,0,3.89,1,Free_feed,Pellet,Left,0,0,904,10.0,0,FED
2020-07-25 06:19:33,0,3.89,1,Free_feed,Pellet,Left,0,0,905,1.0,0,FED
2020-07-25 06:19:45,0,3.89,1,Free_feed,Pellet,Left,0,0,906,10.0,0,FED
2020-07-25 06:19:55,0,3.89,1,Free_feed,Pellet,Left,0,0,907,7.0,0,FED
2020-07-25 06:20:10,0,3.89,1,Free_feed,Pellet,Left,0,0,908,12.0,0,FED
2020-07-25 06:20:28,0,3.89,1,Free_feed,Pellet,Left,0,0,909,15.0,0,FED
2020-07-25 06:20:43,0,3.89,1,Free_feed,Pellet,Left,0,0,910,12.0,0,FED
2020-07-25 06:20:58,0,3.89,1,Free_feed,Pellet,Left,0,0,911,12.0,0,FED
2020-07-25 06:21:16,0,3.89,1,Free_feed,Pellet,Left,0,0,912,15.0,0,FED
2020-07-25 06:21:33,0,3.89,1,Free_feed,Pellet,Left,0,0,913,14.0,0,FED
2020-07-25 06:21:50,0,3.89,2,Free_feed,Pellet,Left,0,0,914,12.0,0,FED
2020-07-25 06:22:12,0,3.89,1,Free_feed,Pellet,Left,0,0,915,19.0,0,FED
2020-07-25 06:22:29,0,3.89,1,Free_feed,Pellet,Left,0,0,916,15.0,0,FED
2020-07-25 06:22:46,0,3.89,1,Free_feed,Pellet,Left,0,0,917,15.0,0,FED
2020-07-25 06:23:10,0,3.89,1,Free_feed,Pellet,Left,0,0,918,20.0,0,FED
2020-07-25 07:34:22,0,3.89,1,Free_feed,Pellet,Left,0,0,919,0.0,0,FED
2020-07-25 07:34:38,0,3.89,1,Free_feed,Pellet,Left,0,0,920,14.0,0,FED
2020-07-25 07:34:55,0,3.89,1,Free_feed,Pellet,Left,0,0,921,14.0,0,FED
2020-07-25 07:35:09,0,3.89,1,Free_feed,Pellet,Left,0,0,922,12.0,0,FED
2020-07-25 07:35:28,0,3.88,1,Free_feed,Pellet,Left,0,0,923,16.0,0,FED
2020-07-25 07:35:46,0,3.89,1,Free_feed,Pellet,Left,0,0,924,15.0,0,FED
2020-07-25 07:36:07,0,3.89,1,Free_feed,Pellet,Left,0,0,925,19.0,0,FED
2020-07-25 07:36:24,0,3.89,3,Free_feed,Pellet,Left,0,0,926,12.0,0,FED
2020-07-25 07:36:44,0,3.89,1,Free_feed,Pellet,Left,0,0,927,17.0,0,FED
2020-07-25 08:55:37,0,3.89,1,Free_feed,Pellet,Left,0,0,928,0.0,0,FED
2020-07-25 08:56:17,0,3.89,1,Free_feed,Pellet,Left,0,0,929,37.0,0,FED
2020-07-25 08:56:51,0,3.89,1,Free_feed,Pellet,Left,0,0,930,31.0,0,FED
2020-07-25 08:56:57,0,3.89,1,Free_feed,Pellet,Left,0,0,931,4.0,0,FED
2020-07-25 08:57:06,0,3.88,1,Free_feed,Pellet,Left,0,0,932,6.0,0,FED
2020-07-25 08:57:27,0,3.89,2,Free_feed,Pellet,Left,0,0,933,16.0,0,FED
2020-07-25 08:57:43,0,3.89,1,Free_feed,Pellet,Left,0,0,934,13.0,0,FED
2020-07-25 08:58:01,0,3.89,1,Free_feed,Pellet,Left,0,0,935,16.0,0,FED
2020-07-25 08:58:20,0,3.89,1,Free_feed,Pellet,Left,0,0,936,16.0,0,FED
2020-07-25 08:58:43,0,3.89,1,Free_feed,Pellet,Left,0,0,937,19.0,0,FED
2020-07-25 08:59:01,0,3.89,1,Free_feed,Pellet,Left,0,0,938,16.0,0,FED
2020-07-25 08:59:19,0,3.88,1,Free_feed,Pellet,Left,0,0,939,15.0,0,FED
2020-07-25 08:59:40,0,3.89,1,Free_feed,Pellet,Left,0,0,940,18.0,0,FED
2020-07-25 08:59:59,0,3.89,1,Free_feed,Pellet,Left,0,0,941,17.0,0,FED
2020-07-25 09:00:18,0,3.89,1,Free_feed,Pellet,Left,0,0,942,16.0,0,FED
2020-07-25 09:42:04,0,3.89,1,Free_feed,Pellet,Left,0,0,943,0.0,0,FED
2020-07-25 09:42:18,0,3.88,1,Free_feed,Pellet,Left,0,0,944,12.0,0,FED
2020-07-25 09:42:33,0,3.89,1,Free_feed,Pellet,Left,0,0,945,12.0,0,FED
2020-07-25 10:48:52,0,3.89,1,Free_feed,Pellet,Left,0,0,946,0.0,0,FED
2020-07-25 10:49:11,0,3.88,1,Free_feed,Pellet,Left,0,0,947,16.0,0,FED
2020-07-25 10:49:14,0,3.88,1,Free_feed,Pellet,Left,0,0,948,0.0,0,FED
2020-07-25 10:49:22,0,3.88,2,Free_feed,Pellet,Left,0,0,949,4.0,0,FED
2020-07-25 10:49:38,0,3.88,1,Free_feed,Pellet,Left,0,0,950,13.0,0,FED
2020-07-25 12:50:42,0,3.88,1,Free_feed,Pellet,Left,0,0,951,0.0,0,FED
2020-07-25 15:09:04,0,3.88,1,Free_feed,Pellet,Left,0,0,952,0.0,0,FED
2020-07-25 15:52:25,0,3.87,1,Free_feed,Pellet,Left,0,0,953,0.0,0,FED
2020-07-25 15:52:30,0,3.87,2,Free_feed,Pellet,Left,0,0,954,1.0,0,FED
2020-07-25 15:54:02,0,3.87,1,Free_feed,Pellet,Left,0,0,955,87.0,0,FED
2020-07-25 15:54:11,0,3.87,1,Free_feed,Pellet,Left,0,0,956,6.0,0,FED
2020-07-25 15:54:32,0,3.87,1,Free_feed,Pellet,Left,0,0,957,18.0,0,FED
2020-07-25 15:54:48,0,3.87,1,Free_feed,Pellet,Left,0,0,958,14.0,0,FED
2020-07-25 15:55:01,0,3.87,1,Free_feed,Pellet,Left,0,0,959,9.0,0,FED
2020-07-25 16:15:48,0,3.87,1,Free_feed,Pellet,Left,0,0,960,0.0,0,FED
2020-07-25 17:45:00,0,3.87,4,Free_feed,Pellet,Left,0,0,961,0.0,0,FED
2020-07-25 17:45:23,0,3.87,1,Free_feed,Pellet,Left,0,0,962,19.0,0,FED
2020-07-25 17:45:52,0,3.86,1,Free_feed,Pellet,Left,0,0,963,27.0,0,FED
2020-07-25 17:45:56,0,3.87,1,Free_feed,Pellet,Left,0,0,964,1.0,0,FED
2020-07-25 17:46:10,0,3.86,1,Free_feed,Pellet,Left,0,0,965,11.0,0,FED
2020-07-25 17:46:28,0,3.86,1,Free_feed,Pellet,Left,0,0,966,15.0,0,FED
2020-07-25 17:46:47,0,3.87,1,Free_feed,Pellet,Left,0,0,967,15.0,0,FED
2020-07-25 17:47:05,0,3.87,1,Free_feed,Pellet,Left,0,0,968,16.0,0,FED
2020-07-25 18:51:27,0,3.87,1,Free_feed,Pellet,Left,0,0,969,0.0,0,FED
2020-07-25 18:51:35,0,3.86,1,Free_feed,Pellet,Left,0,0,970,5.0,0,FED
2020-07-25 18:51:53,0,3.86,1,Free_feed,Pellet,Left,0,0,971,16.0,0,FED
2020-07-25 18:52:07,0,3.86,1,Free_feed,Pellet,Left,0,0,972,11.0,0,FED
2020-07-25 18:52:24,0,3.86,1,Free_feed,Pellet,Left,0,0,973,14.0,0,FED
2020-07-25 18:52:42,0,3.86,1,Free_feed,Pellet,Left,0,0,974,16.0,0,FED
2020-07-25 18:52:57,0,3.86,1,Free_feed,Pellet,Left,0,0,975,12.0,0,FED
2020-07-25 18:53:16,0,3.86,1,Free_feed,Pellet,Left,0,0,976,17.0,0,FED
2020-07-25 18:53:34,0,3.86,1,Free_feed,Pellet,Left,0,0,977,15.0,0,FED
2020-07-25 18:53:50,0,3.86,1,Free_feed,Pellet,Left,0,0,978,13.0,0,FED
2020-07-25 18:54:14,0,3.86,1,Free_feed,Pellet,Left,0,0,979,21.0,0,FED
2020-07-25 19:16:08,0,3.87,1,Free_feed,Pellet,Left,0,0,980,0.0,0,FED
2020-07-25 19:16:22,0,3.86,1,Free_feed,Pellet,Left,0,0,981,11.0,0,FED
2020-07-25 19:16:35,0,3.86,2,Free_feed,Pellet,Left,0,0,982,8.0,0,FED
2020-07-25 19:16:50,0,3.86,1,Free_feed,Pellet,Left,0,0,983,12.0,0,FED
2020-07-25 19:16:59,0,3.86,2,Free_feed,Pellet,Left,0,0,984,4.0,0,FED
2020-07-25 19:17:15,0,3.86,1,Free_feed,Pellet,Left,0,0,985,13.0,0,FED
2020-07-25 19:17:31,0,3.86,1,Free_feed,Pellet,Left,0,0,986,13.0,0,FED
2020-07-25 19:17:51,0,3.86,1,Free_feed,Pellet,Left,0,0,987,17.0,0,FED
2020-07-25 19:18:04,0,3.86,1,Free_feed,Pellet,Left,0,0,988,10.0,0,FED
2020-07-25 20:47:19,0,3.86,1,Free_feed,Pellet,Left,0,0,989,0.0,0,FED
2020-07-25 20:47:23,0,3.86,1,Free_feed,Pellet,Left,0,0,990,1.0,0,FED
2020-07-25 20:47:39,0,3.86,1,Free_feed,Pellet,Left,0,0,991,13.0,0,FED
2020-07-25 20:48:19,0,3.85,1,Free_feed,Pellet,Left,0,0,992,37.0,0,FED
2020-07-25 20:48:23,0,3.86,1,Free_feed,Pellet,Left,0,0,993,1.0,0,FED
2020-07-25 20:48:36,0,3.85,1,Free_feed,Pellet,Left,0,0,994,10.0,0,FED
2020-07-25 20:48:54,0,3.86,1,Free_feed,Pellet,Left,0,0,995,15.0,0,FED
2020-07-25 20:49:11,0,3.85,1,Free_feed,Pellet,Left,0,0,996,14.0,0,FED
2020-07-25 20:49:27,0,3.85,1,Free_feed,Pellet,Left,0,0,997,14.0,0,FED
2020-07-25 20:49:48,0,3.85,1,Free_feed,Pellet,Left,0,0,998,19.0,0,FED
2020-07-25 20:50:05,0,3.85,1,Free_feed,Pellet,Left,0,0,999,14.0,0,FED
2020-07-25 20:50:25,0,3.85,1,Free_feed,Pellet,Left,0,0,1000,17.0,0,FED
2020-07-25 20:50:46,0,3.86,1,Free_feed,Pellet,Left,0,0,1001,18.0,0,FED
2020-07-25 20:51:02,0,3.85,1,Free_feed,Pellet,Left,0,0,1002,14.0,0,FED
2020-07-25 21:01:31,0,3.86,1,Free_feed,Pellet,Left,0,0,1003,0.0,0,FED
2020-07-25 21:24:19,0,3.86,1,Free_feed,Pellet,Left,0,0,1004,0.0,0,FED
2020-07-25 21:24:47,0,3.85,1,Free_feed,Pellet,Left,0,0,1005,25.0,0,FED
2020-07-25 21:24:52,0,3.86,1,Free_feed,Pellet,Left,0,0,1006,2.0,0,FED
2020-07-25 21:25:06,0,3.85,1,Free_feed,Pellet,Left,0,0,1007,11.0,0,FED
2020-07-25 21:25:21,0,3.86,2,Free_feed,Pellet,Left,0,0,1008,12.0,0,FED
2020-07-25 21:49:48,0,3.85,1,Free_feed,Pellet,Left,0,0,1009,2.0,0,FED
2020-07-25 21:49:57,0,3.85,1,Free_feed,Pellet,Left,0,0,1010,7.0,0,FED
2020-07-25 21:50:13,0,3.85,1,Free_feed,Pellet,Left,0,0,1011,13.0,0,FED
2020-07-25 21:50:25,0,3.85,1,Free_feed,Pellet,Left,0,0,1012,9.0,0,FED
2020-07-25 21:50:42,0,3.85,1,Free_feed,Pellet,Left,0,0,1013,14.0,0,FED
2020-07-25 21:50:56,0,3.85,1,Free_feed,Pellet,Left,0,0,1014,11.0,0,FED
2020-07-25 21:51:11,0,3.85,1,Free_feed,Pellet,Left,0,0,1015,12.0,0,FED
2020-07-25 21:51:27,0,3.85,1,Free_feed,Pellet,Left,0,0,1016,13.0,0,FED
2020-07-25 21:51:44,0,3.85,1,Free_feed,Pellet,Left,0,0,1017,15.0,0,FED
2020-07-25 21:52:04,0,3.86,1,Free_feed,Pellet,Left,0,0,1018,17.0,0,FED
2020-07-25 22:19:09,0,3.85,1,Free_feed,Pellet,Left,0,0,1019,0.0,0,FED
2020-07-25 22:19:18,0,3.85,1,Free_feed,Pellet,Left,0,0,1020,7.0,0,FED
2020-07-25 22:19:24,0,3.85,1,Free_feed,Pellet,Left,0,0,1021,1.0,0,FED
2020-07-25 22:19:32,0,3.85,1,Free_feed,Pellet,Left,0,0,1022,4.0,0,FED
2020-07-25 22:19:49,0,3.85,2,Free_feed,Pellet,Left,0,0,1023,13.0,0,FED
2020-07-25 22:19:53,0,3.85,1,Free_feed,Pellet,Left,0,0,1024,1.0,0,FED
2020-07-25 22:20:03,0,3.85,1,Free_feed,Pellet,Left,0,0,1025,8.0,0,FED
2020-07-25 22:20:17,0,3.85,1,Free_feed,Pellet,Left,0,0,1026,11.0,0,FED
2020-07-25 22:20:32,0,3.85,1,Free_feed,Pellet,Left,0,0,1027,12.0,0,FED
2020-07-25 22:20:47,0,3.85,1,Free_feed,Pellet,Left,0,0,1028,13.0,0,FED
2020-07-25 22:39:23,0,3.85,1,Free_feed,Pellet,Left,0,0,1029,0.0,0,FED
2020-07-25 22:39:27,0,3.85,1,Free_feed,Pellet,Left,0,0,1030,0.0,0,FED
2020-07-25 22:39:42,0,3.85,1,Free_feed,Pellet,Left,0,0,1031,12.0,0,FED
2020-07-25 22:39:55,0,3.85,2,Free_feed,Pellet,Left,0,0,1032,8.0,0,FED
2020-07-25 22:40:12,0,3.85,1,Free_feed,Pellet,Left,0,0,1033,14.0,0,FED
2020-07-25 22:40:28,0,3.85,1,Free_feed,Pellet,Left,0,0,1034,12.0,0,FED
2020-07-25 22:40:55,0,3.85,1,Free_feed,Pellet,Left,0,0,1035,25.0,0,FED
2020-07-25 22:40:59,0,3.85,1,Free_feed,Pellet,Left,0,0,1036,1.0,0,FED
2020-07-25 22:41:12,0,3.85,1,Free_feed,Pellet,Left,0,0,1037,10.0,0,FED
2020-07-25 22:41:29,0,3.85,1,Free_feed,Pellet,Left,0,0,1038,14.0,0,FED
2020-07-25 22:41:48,0,3.85,2,Free_feed,Pellet,Left,0,0,1039,15.0,0,FED
2020-07-25 22:42:05,0,3.85,1,Free_feed,Pellet,Left,0,0,1040,14.0,0,FED
2020-07-25 22:42:24,0,3.85,1,Free_feed,Pellet,Left,0,0,1041,17.0,0,FED
2020-07-25 22:42:43,0,3.85,1,Free_feed,Pellet,Left,0,0,1042,16.0,0,FED
2020-07-25 22:43:02,0,3.85,1,Free_feed,Pellet,Left,0,0,1043,17.0,0,FED
2020-07-25 22:43:23,0,3.85,1,Free_feed,Pellet,Left,0,0,1044,19.0,0,FED
2020-07-25 22:43:43,0,3.85,1,Free_feed,Pellet,Left,0,0,1045,18.0,0,FED
2020-07-25 22:44:01,0,3.85,1,Free_feed,Pellet,Left,0,0,1046,16.0,0,FED
2020-07-25 23:03:43,0,3.85,1,Free_feed,Pellet,Left,0,0,1047,0.0,0,FED
2020-07-25 23:03:47,0,3.85,1,Free_feed,Pellet,Left,0,0,1048,1.0,0,FED
2020-07-25 23:04:03,0,3.85,1,Free_feed,Pellet,Left,0,0,1049,14.0,0,FED
2020-07-25 23:04:17,0,3.85,1,Free_feed,Pellet,Left,0,0,1050,11.0,0,FED
2020-07-25 23:04:35,0,3.85,1,Free_feed,Pellet,Left,0,0,1051,15.0,0,FED
2020-07-25 23:04:54,0,3.85,1,Free_feed,Pellet,Left,0,0,1052,17.0,0,FED
2020-07-25 23:05:11,0,3.85,1,Free_feed,Pellet,Left,0,0,1053,14.0,0,FED
2020-07-25 23:05:32,0,3.85,1,Free_feed,Pellet,Left,0,0,1054,18.0,0,FED
2020-07-25 23:05:47,0,3.85,1,Free_feed,Pellet,Left,0,0,1055,12.0,0,FED
2020-07-25 23:06:07,0,3.85,1,Free_feed,Pellet,Left,0,0,1056,17.0,0,FED
2020-07-25 23:06:27,0,3.85,2,Free_feed,Pellet,Left,0,0,1057,16.0,0,FED
2020-07-25 23:06:47,0,3.85,1,Free_feed,Pellet,Left,0,0,1058,18.0,0,FED
2020-07-25 23:07:07,0,3.85,1,Free_feed,Pellet,Left,0,0,1059,17.0,0,FED
2020-07-25 23:54:53,0,3.85,1,Free_feed,Pellet,Left,0,0,1060,0.0,0,FED
2020-07-25 23:55:17,0,3.85,1,Free_feed,Pellet,Left,0,0,1061,22.0,0,FED
2020-07-25 23:55:31,0,3.85,2,Free_feed,Pellet,Left,0,0,1062,9.0,0,FED
2020-07-25 23:55:47,0,3.85,1,Free_feed,Pellet,Left,0,0,1063,14.0,0,FED
2020-07-25 23:55:51,0,3.85,1,Free_feed,Pellet,Left,0,0,1064,1.0,0,FED
2020-07-25 23:56:09,0,3.85,1,Free_feed,Pellet,Left,0,0,1065,15.0,0,FED
2020-07-25 23:56:29,0,3.85,1,Free_feed,Pellet,Left,0,0,1066,17.0,0,FED
2020-07-25 23:56:52,0,3.85,1,Free_feed,Pellet,Left,0,0,1067,20.0,0,FED
2020-07-25 23:57:08,0,3.85,1,Free_feed,Pellet,Left,0,0,1068,13.0,0,FED
2020-07-25 23:57:27,0,3.85,1,Free_feed,Pellet,Left,0,0,1069,16.0,0,FED
2020-07-26 01:03:02,0,3.85,1,Free_feed,Pellet,Left,0,0,1070,0.0,0,FED
2020-07-26 01:03:22,0,3.85,1,Free_feed,Pellet,Left,0,0,1071,16.0,0,FED
2020-07-26 01:03:40,0,3.85,1,Free_feed,Pellet,Left,0,0,1072,15.0,0,FED
2020-07-26 01:03:57,0,3.85,1,Free_feed,Pellet,Left,0,0,1073,15.0,0,FED
2020-07-26 01:04:03,0,3.85,1,Free_feed,Pellet,Left,0,0,1074,3.0,0,FED
2020-07-26 01:04:20,0,3.85,1,Free_feed,Pellet,Left,0,0,1075,15.0,0,FED
2020-07-26 01:04:41,0,3.85,1,Free_feed,Pellet,Left,0,0,1076,18.0,0,FED
2020-07-26 01:04:59,0,3.85,1,Free_feed,Pellet,Left,0,0,1077,16.0,0,FED
2020-07-26 01:50:32,0,3.85,1,Free_feed,Pellet,Left,0,0,1078,0.0,0,FED
2020-07-26 01:50:37,0,3.85,1,Free_feed,Pellet,Left,0,0,1079,2.0,0,FED
2020-07-26 01:50:41,0,3.85,1,Free_feed,Pellet,Left,0,0,1080,0.0,0,FED
2020-07-26 01:50:56,0,3.85,1,Free_feed,Pellet,Left,0,0,1081,12.0,0,FED
2020-07-26 01:51:12,0,3.85,1,Free_feed,Pellet,Left,0,0,1082,14.0,0,FED
2020-07-26 01:51:29,0,3.84,1,Free_feed,Pellet,Left,0,0,1083,14.0,0,FED
2020-07-26 01:51:48,0,3.85,1,Free_feed,Pellet,Left,0,0,1084,16.0,0,FED
2020-07-26 01:52:04,0,3.85,2,Free_feed,Pellet,Left,0,0,1085,11.0,0,FED
2020-07-26 01:52:22,0,3.85,1,Free_feed,Pellet,Left,0,0,1086,14.0,0,FED
2020-07-26 01:52:40,0,3.85,1,Free_feed,Pellet,Left,0,0,1087,16.0,0,FED
2020-07-26 01:52:57,0,3.85,1,Free_feed,Pellet,Left,0,0,1088,14.0,0,FED
2020-07-26 03:54:13,0,3.85,1,Free_feed,Pellet,Left,0,0,1089,0.0,0,FED
2020-07-26 03:54:17,0,3.84,1,Free_feed,Pellet,Left,0,0,1090,1.0,0,FED
2020-07-26 03:54:32,0,3.84,1,Free_feed,Pellet,Left,0,0,1091,11.0,0,FED
2020-07-26 03:54:48,0,3.84,1,Free_feed,Pellet,Left,0,0,1092,13.0,0,FED
2020-07-26 03:55:06,0,3.84,1,Free_feed,Pellet,Left,0,0,1093,15.0,0,FED
2020-07-26 03:55:19,0,3.84,1,Free_feed,Pellet,Left,0,0,1094,10.0,0,FED
2020-07-26 03:55:37,0,3.84,1,Free_feed,Pellet,Left,0,0,1095,15.0,0,FED
2020-07-26 03:55:53,0,3.84,1,Free_feed,Pellet,Left,0,0,1096,13.0,0,FED
2020-07-26 03:56:09,0,3.84,1,Free_feed,Pellet,Left,0,0,1097,13.0,0,FED
2020-07-26 03:56:26,0,3.83,1,Free_feed,Pellet,Left,0,0,1098,13.0,0,FED
2020-07-26 03:57:18,0,3.84,1,Free_feed,Pellet,Left,0,0,1099,50.0,0,FED
2020-07-26 03:57:23,0,3.84,1,Free_feed,Pellet,Left,0,0,1100,2.0,0,FED
2020-07-26 03:57:40,0,3.84,1,Free_feed,Pellet,Left,0,0,1101,14.0,0,FED
2020-07-26 03:57:55,0,3.84,1,Free_feed,Pellet,Left,0,0,1102,12.0,0,FED
2020-07-26 03:58:15,0,3.84,1,Free_feed,Pellet,Left,0,0,1103,17.0,0,FED
2020-07-26 07:31:56,0,3.84,1,Free_feed,Pellet,Left,0,0,1104,0.0,0,FED
2020-07-26 07:32:00,0,3.83,1,Free_feed,Pellet,Left,0,0,1105,1.0,0,FED
2020-07-26 07:32:04,0,3.83,1,Free_feed,Pellet,Left,0,0,1106,1.0,0,FED
2020-07-26 07:32:13,0,3.83,1,Free_feed,Pellet,Left,0,0,1107,6.0,0,FED
2020-07-26 07:32:47,0,3.83,1,Free_feed,Pellet,Left,0,0,1108,31.0,0,FED
2020-07-26 07:33:04,0,3.83,1,Free_feed,Pellet,Left,0,0,1109,13.0,0,FED
2020-07-26 07:33:28,0,3.83,1,Free_feed,Pellet,Left,0,0,1110,21.0,0,FED
2020-07-26 07:33:41,0,3.83,1,Free_feed,Pellet,Left,0,0,1111,11.0,0,FED
2020-07-26 07:34:01,0,3.83,1,Free_feed,Pellet,Left,0,0,1112,17.0,0,FED
2020-07-26 07:34:19,0,3.83,1,Free_feed,Pellet,Left,0,0,1113,16.0,0,FED
2020-07-26 07:34:50,0,3.83,1,Free_feed,Pellet,Left,0,0,1114,28.0,0,FED
2020-07-26 07:34:56,0,3.83,1,Free_feed,Pellet,Left,0,0,1115,3.0,0,FED
2020-07-26 07:35:13,0,3.83,1,Free_feed,Pellet,Left,0,0,1116,14.0,0,FED
2020-07-26 07:35:32,0,3.83,1,Free_feed,Pellet,Left,0,0,1117,16.0,0,FED
2020-07-26 07:35:49,0,3.83,1,Free_feed,Pellet,Left,0,0,1118,15.0,0,FED
2020-07-26 07:36:10,0,3.83,1,Free_feed,Pellet,Left,0,0,1119,18.0,0,FED
2020-07-26 07:36:33,0,3.83,1,Free_feed,Pellet,Left,0,0,1120,21.0,0,FED
2020-07-26 07:36:52,0,3.83,1,Free_feed,Pellet,Left,0,0,1121,16.0,0,FED
2020-07-26 07:37:15,0,3.83,1,Free_feed,Pellet,Left,0,0,1122,21.0,0,FED
2020-07-26 07:37:34,0,3.83,1,Free_feed,Pellet,Left,0,0,1123,16.0,0,FED
2020-07-26 07:37:58,0,3.83,1,Free_feed,Pellet,Left,0,0,1124,21.0,0,FED
2020-07-26 07:38:23,0,3.83,1,Free_feed,Pellet,Left,0,0,1125,22.0,0,FED
2020-07-26 09:01:56,0,3.83,1,Free_feed,Pellet,Left,0,0,1126,0.0,0,FED
2020-07-26 09:02:12,0,3.83,1,Free_feed,Pellet,Left,0,0,1127,14.0,0,FED
2020-07-26 09:02:25,0,3.82,1,Free_feed,Pellet,Left,0,0,1128,10.0,0,FED
2020-07-26 09:02:41,0,3.83,1,Free_feed,Pellet,Left,0,0,1129,13.0,0,FED
2020-07-26 09:02:57,0,3.83,1,Free_feed,Pellet,Left,0,0,1130,13.0,0,FED
2020-07-26 09:03:14,0,3.83,1,Free_feed,Pellet,Left,0,0,1131,14.0,0,FED
2020-07-26 09:03:30,0,3.83,1,Free_feed,Pellet,Left,0,0,1132,13.0,0,FED
2020-07-26 09:03:49,0,3.83,1,Free_feed,Pellet,Left,0,0,1133,16.0,0,FED
2020-07-26 09:43:03,0,3.82,1,Free_feed,Pellet,Left,0,0,1134,0.0,0,FED
2020-07-26 09:43:10,0,3.82,1,Free_feed,Pellet,Left,0,0,1135,4.0,0,FED
2020-07-26 09:43:55,0,3.82,1,Free_feed,Pellet,Left,0,0,1136,2.0,0,FED
2020-07-26 09:44:08,0,3.83,1,Free_feed,Pellet,Left,0,0,1137,10.0,0,FED
2020-07-26 09:44:23,0,3.83,1,Free_feed,Pellet,Left,0,0,1138,12.0,0,FED
2020-07-26 09:44:39,0,3.83,1,Free_feed,Pellet,Left,0,0,1139,13.0,0,FED
2020-07-26 09:45:07,0,3.82,1,Free_feed,Pellet,Left,0,0,1140,26.0,0,FED
2020-07-26 09:48:47,0,3.83,1,Free_feed,Pellet,Left,0,0,1141,0.0,0,FED
2020-07-26 11:25:11,0,3.82,2,Free_feed,Pellet,Left,0,0,1142,0.0,0,FED
2020-07-26 11:25:15,0,3.82,1,Free_feed,Pellet,Left,0,0,1143,1.0,0,FED
2020-07-26 11:25:28,0,3.82,1,Free_feed,Pellet,Left,0,0,1144,10.0,0,FED
2020-07-26 11:25:45,0,3.82,1,Free_feed,Pellet,Left,0,0,1145,14.0,0,FED
2020-07-26 11:25:59,0,3.82,1,Free_feed,Pellet,Left,0,0,1146,12.0,0,FED
2020-07-26 11:26:18,0,3.82,1,Free_feed,Pellet,Left,0,0,1147,16.0,0,FED
2020-07-26 11:26:32,0,3.82,1,Free_feed,Pellet,Left,0,0,1148,11.0,0,FED
2020-07-26 11:26:54,0,3.82,1,Free_feed,Pellet,Left,0,0,1149,19.0,0,FED
2020-07-26 11:27:09,0,3.82,1,Free_feed,Pellet,Left,0,0,1150,13.0,0,FED
2020-07-26 11:27:27,0,3.82,1,Free_feed,Pellet,Left,0,0,1151,15.0,0,FED
2020-07-26 11:27:43,0,3.82,1,Free_feed,Pellet,Left,0,0,1152,13.0,0,FED
2020-07-26 11:28:00,0,3.82,1,Free_feed,Pellet,Left,0,0,1153,14.0,0,FED
2020-07-26 11:28:20,0,3.82,1,Free_feed,Pellet,Left,0,0,1154,16.0,0,FED
2020-07-26 11:28:41,0,3.82,1,Free_feed,Pellet,Left,0,0,1155,18.0,0,FED
2020-07-26 11:29:00,0,3.82,1,Free_feed,Pellet,Left,0,0,1156,17.0,0,FED
2020-07-26 11:29:21,0,3.82,1,Free_feed,Pellet,Left,0,0,1157,18.0,0,FED
2020-07-26 11:29:41,0,3.82,1,Free_feed,Pellet,Left,0,0,1158,17.0,0,FED
2020-07-26 11:29:59,0,3.82,1,Free_feed,Pellet,Left,0,0,1159,15.0,0,FED
2020-07-26 11:30:22,0,3.82,1,Free_feed,Pellet,Left,0,0,1160,20.0,0,FED
2020-07-26 12:26:40,0,3.82,2,Free_feed,Pellet,Left,0,0,1161,0.0,0,FED
2020-07-26 12:53:51,0,3.82,6,Free_feed,Pellet,Left,0,0,1162,0.0,0,FED
2020-07-26 14:41:37,0,3.82,2,Free_feed,Pellet,Left,0,0,1163,0.0,0,FED
2020-07-26 14:42:00,0,3.82,1,Free_feed,Pellet,Left,0,0,1164,21.0,0,FED
2020-07-26 14:42:18,0,3.81,1,Free_feed,Pellet,Left,0,0,1165,15.0,0,FED
2020-07-26 14:43:35,0,3.81,1,Free_feed,Pellet,Left,0,0,1166,74.0,0,FED
2020-07-26 14:43:51,0,3.81,1,Free_feed,Pellet,Left,0,0,1167,13.0,0,FED
2020-07-26 14:44:14,0,3.82,1,Free_feed,Pellet,Left,0,0,1168,20.0,0,FED
2020-07-26 14:45:21,0,3.81,1,Free_feed,Pellet,Left,0,0,1169,14.0,0,FED
2020-07-26 14:45:35,0,3.82,1,Free_feed,Pellet,Left,0,0,1170,11.0,0,FED
2020-07-26 14:57:46,0,3.82,1,Free_feed,Pellet,Left,0,0,1171,0.0,0,FED
2020-07-26 14:57:56,0,3.81,1,Free_feed,Pellet,Left,0,0,1172,8.0,0,FED
2020-07-26 14:58:11,0,3.81,1,Free_feed,Pellet,Left,0,0,1173,11.0,0,FED
2020-07-26 14:58:28,0,3.81,1,Free_feed,Pellet,Left,0,0,1174,15.0,0,FED
2020-07-26 14:58:42,0,3.81,1,Free_feed,Pellet,Left,0,0,1175,12.0,0,FED
2020-07-26 14:59:00,0,3.82,1,Free_feed,Pellet,Left,0,0,1176,15.0,0,FED
2020-07-26 14:59:16,0,3.81,1,Free_feed,Pellet,Left,0,0,1177,13.0,0,FED
2020-07-26 17:04:31,0,3.81,1,Free_feed,Pellet,Left,0,0,1178,0.0,0,FED
2020-07-26 17:04:47,0,3.8,1,Free_feed,Pellet,Left,0,0,1179,13.0,0,FED
2020-07-26 17:05:03,0,3.8,1,Free_feed,Pellet,Left,0,0,1180,14.0,0,FED
2020-07-26 17:05:19,0,3.8,1,Free_feed,Pellet,Left,0,0,1181,13.0,0,FED
2020-07-26 17:05:36,0,3.81,1,Free_feed,Pellet,Left,0,0,1182,14.0,0,FED
2020-07-26 17:05:56,0,3.81,1,Free_feed,Pellet,Left,0,0,1183,17.0,0,FED
2020-07-26 17:06:17,0,3.8,1,Free_feed,Pellet,Left,0,0,1184,18.0,0,FED
2020-07-26 17:06:37,0,3.8,1,Free_feed,Pellet,Left,0,0,1185,18.0,0,FED
2020-07-26 17:06:58,0,3.81,1,Free_feed,Pellet,Left,0,0,1186,19.0,0,FED
2020-07-26 17:07:17,0,3.8,1,Free_feed,Pellet,Left,0,0,1187,17.0,0,FED
2020-07-26 18:26:30,0,3.8,1,Free_feed,Pellet,Left,0,0,1188,0.0,0,FED
2020-07-26 18:26:47,0,3.8,1,Free_feed,Pellet,Left,0,0,1189,14.0,0,FED
2020-07-26 18:26:58,0,3.8,1,Free_feed,Pellet,Left,0,0,1190,9.0,0,FED
2020-07-26 18:27:16,0,3.8,1,Free_feed,Pellet,Left,0,0,1191,15.0,0,FED
2020-07-26 18:27:33,0,3.8,1,Free_feed,Pellet,Left,0,0,1192,14.0,0,FED
2020-07-26 18:27:52,0,3.8,1,Free_feed,Pellet,Left,0,0,1193,16.0,0,FED
2020-07-26 18:36:09,0,3.8,1,Free_feed,Pellet,Left,0,0,1194,0.0,0,FED
2020-07-26 19:43:34,0,3.8,1,Free_feed,Pellet,Left,0,0,1195,0.0,0,FED
2020-07-26 19:44:06,0,3.8,1,Free_feed,Pellet,Left,0,0,1196,30.0,0,FED
2020-07-26 19:44:16,0,3.8,1,Free_feed,Pellet,Left,0,0,1197,2.0,0,FED
2020-07-26 19:44:32,0,3.8,1,Free_feed,Pellet,Left,0,0,1198,13.0,0,FED
2020-07-26 19:44:45,0,3.8,1,Free_feed,Pellet,Left,0,0,1199,10.0,0,FED
2020-07-26 19:45:03,0,3.8,1,Free_feed,Pellet,Left,0,0,1200,15.0,0,FED
2020-07-26 19:45:21,0,3.8,1,Free_feed,Pellet,Left,0,0,1201,16.0,0,FED
2020-07-26 19:46:06,0,3.8,2,Free_feed,Pellet,Left,0,0,1202,41.0,0,FED
2020-07-26 19:46:13,0,3.8,1,Free_feed,Pellet,Left,0,0,1203,5.0,0,FED
2020-07-26 19:46:34,0,3.8,1,Free_feed,Pellet,Left,0,0,1204,18.0,0,FED
2020-07-26 19:46:55,0,3.8,1,Free_feed,Pellet,Left,0,0,1205,18.0,0,FED
2020-07-26 19:47:17,0,3.8,1,Free_feed,Pellet,Left,0,0,1206,19.0,0,FED
2020-07-26 19:47:36,0,3.79,1,Free_feed,Pellet,Left,0,0,1207,16.0,0,FED
2020-07-26 19:47:54,0,3.8,1,Free_feed,Pellet,Left,0,0,1208,15.0,0,FED
2020-07-26 20:36:12,0,3.8,1,Free_feed,Pellet,Left,0,0,1209,0.0,0,FED
2020-07-26 20:36:28,0,3.8,1,Free_feed,Pellet,Left,0,0,1210,13.0,0,FED
2020-07-26 20:36:42,0,3.79,1,Free_feed,Pellet,Left,0,0,1211,11.0,0,FED
2020-07-26 20:36:58,0,3.8,1,Free_feed,Pellet,Left,0,0,1212,13.0,0,FED
2020-07-26 20:37:19,0,3.79,1,Free_feed,Pellet,Left,0,0,1213,18.0,0,FED
2020-07-26 20:37:33,0,3.8,1,Free_feed,Pellet,Left,0,0,1214,10.0,0,FED
2020-07-26 20:37:56,0,3.79,2,Free_feed,Pellet,Left,0,0,1215,19.0,0,FED
2020-07-26 20:38:10,0,3.79,1,Free_feed,Pellet,Left,0,0,1216,11.0,0,FED
2020-07-26 20:38:32,0,3.8,1,Free_feed,Pellet,Left,0,0,1217,20.0,0,FED
2020-07-26 20:59:23,0,3.79,1,Free_feed,Pellet,Left,0,0,1218,0.0,0,FED
2020-07-26 20:59:32,0,3.8,1,Free_feed,Pellet,Left,0,0,1219,7.0,0,FED
2020-07-26 20:59:49,0,3.8,1,Free_feed,Pellet,Left,0,0,1220,13.0,0,FED
2020-07-26 21:00:02,0,3.8,1,Free_feed,Pellet,Left,0,0,1221,11.0,0,FED
2020-07-26 21:00:17,0,3.79,1,Free_feed,Pellet,Left,0,0,1222,12.0,0,FED
2020-07-26 21:00:35,0,3.8,1,Free_feed,Pellet,Left,0,0,1223,15.0,0,FED
2020-07-26 21:00:52,0,3.8,1,Free_feed,Pellet,Left,0,0,1224,14.0,0,FED
2020-07-26 21:28:48,0,3.79,1,Free_feed,Pellet,Left,0,0,1225,0.0,0,FED
2020-07-26 21:29:04,0,3.8,1,Free_feed,Pellet,Left,0,0,1226,13.0,0,FED
2020-07-26 21:29:31,0,3.79,1,Free_feed,Pellet,Left,0,0,1227,24.0,0,FED
2020-07-26 21:29:46,0,3.79,1,Free_feed,Pellet,Left,0,0,1228,12.0,0,FED
2020-07-26 21:29:50,0,3.79,1,Free_feed,Pellet,Left,0,0,1229,2.0,0,FED
2020-07-26 21:30:03,0,3.8,1,Free_feed,Pellet,Left,0,0,1230,10.0,0,FED
2020-07-26 21:30:19,0,3.79,1,Free_feed,Pellet,Left,0,0,1231,13.0,0,FED
2020-07-26 21:30:37,0,3.79,1,Free_feed,Pellet,Left,0,0,1232,15.0,0,FED
2020-07-26 21:30:57,0,3.8,1,Free_feed,Pellet,Left,0,0,1233,16.0,0,FED
2020-07-26 21:31:14,0,3.79,1,Free_feed,Pellet,Left,0,0,1234,15.0,0,FED
2020-07-26 21:51:37,0,3.79,1,Free_feed,Pellet,Left,0,0,1235,0.0,0,FED
2020-07-26 22:07:14,0,3.8,1,Free_feed,Pellet,Left,0,0,1236,1.0,0,FED
2020-07-26 22:07:32,0,3.79,1,Free_feed,Pellet,Left,0,0,1237,14.0,0,FED
2020-07-26 22:07:46,0,3.79,1,Free_feed,Pellet,Left,0,0,1238,12.0,0,FED
2020-07-26 22:07:57,0,3.79,1,Free_feed,Pellet,Left,0,0,1239,8.0,0,FED
2020-07-26 22:08:13,0,3.79,1,Free_feed,Pellet,Left,0,0,1240,13.0,0,FED
2020-07-26 22:08:29,0,3.79,1,Free_feed,Pellet,Left,0,0,1241,13.0,0,FED
2020-07-26 22:08:43,0,3.79,1,Free_feed,Pellet,Left,0,0,1242,12.0,0,FED
2020-07-26 22:08:57,0,3.79,1,Free_feed,Pellet,Left,0,0,1243,11.0,0,FED
2020-07-26 22:09:25,0,3.79,1,Free_feed,Pellet,Left,0,0,1244,25.0,0,FED
2020-07-26 22:37:26,0,3.79,1,Free_feed,Pellet,Left,0,0,1245,1.0,0,FED
2020-07-26 22:37:37,0,3.79,1,Free_feed,Pellet,Left,0,0,1246,8.0,0,FED
2020-07-26 22:37:53,0,3.79,1,Free_feed,Pellet,Left,0,0,1247,14.0,0,FED
2020-07-26 22:38:09,0,3.79,1,Free_feed,Pellet,Left,0,0,1248,13.0,0,FED
2020-07-26 22:38:36,0,3.79,1,Free_feed,Pellet,Left,0,0,1249,25.0,0,FED
2020-07-26 22:38:54,0,3.79,1,Free_feed,Pellet,Left,0,0,1250,16.0,0,FED
2020-07-26 22:39:13,0,3.79,1,Free_feed,Pellet,Left,0,0,1251,16.0,0,FED
2020-07-26 22:39:32,0,3.79,1,Free_feed,Pellet,Left,0,0,1252,17.0,0,FED
2020-07-26 22:39:52,0,3.79,1,Free_feed,Pellet,Left,0,0,1253,17.0,0,FED
2020-07-26 23:22:58,0,3.79,1,Free_feed,Pellet,Left,0,0,1254,0.0,0,FED
2020-07-26 23:23:03,0,3.79,1,Free_feed,Pellet,Left,0,0,1255,2.0,0,FED
2020-07-26 23:23:10,0,3.79,1,Free_feed,Pellet,Left,0,0,1256,4.0,0,FED
2020-07-26 23:23:28,0,3.78,1,Free_feed,Pellet,Left,0,0,1257,15.0,0,FED
2020-07-26 23:23:42,0,3.79,1,Free_feed,Pellet,Left,0,0,1258,12.0,0,FED
2020-07-26 23:23:58,0,3.79,1,Free_feed,Pellet,Left,0,0,1259,13.0,0,FED
2020-07-26 23:24:13,0,3.79,1,Free_feed,Pellet,Left,0,0,1260,12.0,0,FED
2020-07-26 23:24:31,0,3.78,2,Free_feed,Pellet,Left,0,0,1261,14.0,0,FED
2020-07-26 23:24:46,0,3.79,1,Free_feed,Pellet,Left,0,0,1262,12.0,0,FED
2020-07-26 23:25:04,0,3.78,1,Free_feed,Pellet,Left,0,0,1263,15.0,0,FED
2020-07-26 23:25:21,0,3.79,2,Free_feed,Pellet,Left,0,0,1264,12.0,0,FED
2020-07-26 23:25:40,0,3.79,1,Free_feed,Pellet,Left,0,0,1265,16.0,0,FED
2020-07-26 23:25:58,0,3.78,1,Free_feed,Pellet,Left,0,0,1266,16.0,0,FED
2020-07-26 23:26:18,0,3.79,1,Free_feed,Pellet,Left,0,0,1267,17.0,0,FED
2020-07-26 23:26:35,0,3.78,1,Free_feed,Pellet,Left,0,0,1268,15.0,0,FED
2020-07-26 23:47:09,0,3.79,1,Free_feed,Pellet,Left,0,0,1269,0.0,0,FED
2020-07-26 23:47:23,0,3.78,2,Free_feed,Pellet,Left,0,0,1270,10.0,0,FED
2020-07-26 23:47:36,0,3.79,1,Free_feed,Pellet,Left,0,0,1271,11.0,0,FED
2020-07-26 23:47:47,0,3.78,1,Free_feed,Pellet,Left,0,0,1272,8.0,0,FED
2020-07-26 23:48:01,0,3.78,1,Free_feed,Pellet,Left,0,0,1273,11.0,0,FED
2020-07-26 23:48:15,0,3.78,1,Free_feed,Pellet,Left,0,0,1274,10.0,0,FED
2020-07-26 23:58:01,0,3.78,1,Free_feed,Pellet,Left,0,0,1275,0.0,0,FED
2020-07-26 23:58:16,0,3.78,1,Free_feed,Pellet,Left,0,0,1276,12.0,0,FED
2020-07-26 23:58:29,0,3.79,4,Free_feed,Pellet,Left,0,0,1277,4.0,0,FED
2020-07-26 23:58:44,0,3.79,1,Free_feed,Pellet,Left,0,0,1278,12.0,0,FED
2020-07-26 23:58:56,0,3.78,1,Free_feed,Pellet,Left,0,0,1279,9.0,0,FED
2020-07-26 23:59:10,0,3.78,1,Free_feed,Pellet,Left,0,0,1280,11.0,0,FED
2020-07-26 23:59:23,0,3.78,1,Free_feed,Pellet,Left,0,0,1281,10.0,0,FED
2020-07-26 23:59:38,0,3.78,1,Free_feed,Pellet,Left,0,0,1282,12.0,0,FED
2020-07-26 23:59:52,0,3.78,2,Free_feed,Pellet,Left,0,0,1283,10.0,0,FED
2020-07-27 01:12:45,0,3.78,1,Free_feed,Pellet,Left,0,0,1284,0.0,0,FED
2020-07-27 01:13:05,0,3.78,1,Free_feed,Pellet,Left,0,0,1285,17.0,0,FED
2020-07-27 01:13:20,0,3.78,1,Free_feed,Pellet,Left,0,0,1286,12.0,0,FED
2020-07-27 01:13:35,0,3.78,1,Free_feed,Pellet,Left,0,0,1287,12.0,0,FED
2020-07-27 01:13:53,0,3.78,1,Free_feed,Pellet,Left,0,0,1288,15.0,0,FED
2020-07-27 01:14:11,0,3.78,1,Free_feed,Pellet,Left,0,0,1289,15.0,0,FED
2020-07-27 01:14:33,0,3.78,1,Free_feed,Pellet,Left,0,0,1290,19.0,0,FED
2020-07-27 01:14:48,0,3.78,1,Free_feed,Pellet,Left,0,0,1291,12.0,0,FED
2020-07-27 01:15:10,0,3.78,1,Free_feed,Pellet,Left,0,0,1292,19.0,0,FED
2020-07-27 01:15:26,0,3.78,1,Free_feed,Pellet,Left,0,0,1293,13.0,0,FED
2020-07-27 01:42:49,0,3.78,1,Free_feed,Pellet,Left,0,0,1294,0.0,0,FED
2020-07-27 01:43:01,0,3.78,1,Free_feed,Pellet,Left,0,0,1295,9.0,0,FED
2020-07-27 01:43:15,0,3.78,1,Free_feed,Pellet,Left,0,0,1296,10.0,0,FED
2020-07-27 01:43:28,0,3.78,1,Free_feed,Pellet,Left,0,0,1297,10.0,0,FED
2020-07-27 01:43:44,0,3.78,1,Free_feed,Pellet,Left,0,0,1298,14.0,0,FED
2020-07-27 01:43:57,0,3.78,1,Free_feed,Pellet,Left,0,0,1299,11.0,0,FED
2020-07-27 01:44:11,0,3.78,1,Free_feed,Pellet,Left,0,0,1300,11.0,0,FED
2020-07-27 01:44:24,0,3.78,1,Free_feed,Pellet,Left,0,0,1301,10.0,0,FED
2020-07-27 01:44:43,0,3.78,1,Free_feed,Pellet,Left,0,0,1302,15.0,0,FED
2020-07-27 01:44:58,0,3.78,1,Free_feed,Pellet,Left,0,0,1303,13.0,0,FED
2020-07-27 03:18:40,0,3.78,1,Free_feed,Pellet,Left,0,0,1304,0.0,0,FED
2020-07-27 03:18:53,0,3.77,1,Free_feed,Pellet,Left,0,0,1305,10.0,0,FED
2020-07-27 03:19:12,0,3.77,1,Free_feed,Pellet,Left,0,0,1306,15.0,0,FED
2020-07-27 03:19:30,0,3.77,1,Free_feed,Pellet,Left,0,0,1307,14.0,0,FED
2020-07-27 03:19:47,0,3.78,1,Free_feed,Pellet,Left,0,0,1308,15.0,0,FED
2020-07-27 03:20:02,0,3.78,1,Free_feed,Pellet,Left,0,0,1309,12.0,0,FED
2020-07-27 03:20:19,0,3.78,1,Free_feed,Pellet,Left,0,0,1310,14.0,0,FED
2020-07-27 03:20:35,0,3.77,1,Free_feed,Pellet,Left,0,0,1311,13.0,0,FED
2020-07-27 04:04:27,0,3.77,1,Free_feed,Pellet,Left,0,0,1312,0.0,0,FED
2020-07-27 04:04:42,0,3.77,1,Free_feed,Pellet,Left,0,0,1313,12.0,0,FED
2020-07-27 04:04:57,0,3.76,1,Free_feed,Pellet,Left,0,0,1314,12.0,0,FED
2020-07-27 04:05:14,0,3.77,1,Free_feed,Pellet,Left,0,0,1315,14.0,0,FED
2020-07-27 04:05:36,0,3.78,1,Free_feed,Pellet,Left,0,0,1316,20.0,0,FED
2020-07-27 04:06:49,0,3.76,1,Free_feed,Pellet,Left,0,0,1317,14.0,0,FED
2020-07-27 04:07:04,0,3.77,1,Free_feed,Pellet,Left,0,0,1318,12.0,0,FED
2020-07-27 04:07:22,0,3.77,1,Free_feed,Pellet,Left,0,0,1319,16.0,0,FED
2020-07-27 04:07:41,0,3.77,1,Free_feed,Pellet,Left,0,0,1320,16.0,0,FED
2020-07-27 04:07:59,0,3.77,1,Free_feed,Pellet,Left,0,0,1321,15.0,0,FED
2020-07-27 04:08:19,0,3.78,1,Free_feed,Pellet,Left,0,0,1322,18.0,0,FED
2020-07-27 05:19:41,0,3.76,1,Free_feed,Pellet,Left,0,0,1323,3.0,0,FED
2020-07-27 05:20:02,0,3.76,1,Free_feed,Pellet,Left,0,0,1324,18.0,0,FED
2020-07-27 05:52:25,0,3.77,1,Free_feed,Pellet,Left,0,0,1325,4.0,0,FED
2020-07-27 05:52:35,0,3.76,1,Free_feed,Pellet,Left,0,0,1326,7.0,0,FED
2020-07-27 05:52:50,0,3.76,1,Free_feed,Pellet,Left,0,0,1327,11.0,0,FED
2020-07-27 05:53:05,0,3.76,1,Free_feed,Pellet,Left,0,0,1328,13.0,0,FED
2020-07-27 05:53:22,0,3.76,1,Free_feed,Pellet,Left,0,0,1329,14.0,0,FED
2020-07-27 05:53:39,0,3.76,1,Free_feed,Pellet,Left,0,0,1330,14.0,0,FED
2020-07-27 05:53:58,0,3.76,1,Free_feed,Pellet,Left,0,0,1331,16.0,0,FED
2020-07-27 05:54:16,0,3.76,1,Free_feed,Pellet,Left,0,0,1332,16.0,0,FED
2020-07-27 05:54:33,0,3.76,1,Free_feed,Pellet,Left,0,0,1333,15.0,0,FED
2020-07-27 05:54:55,0,3.76,1,Free_feed,Pellet,Left,0,0,1334,19.0,0,FED
2020-07-27 05:55:12,0,3.76,1,Free_feed,Pellet,Left,0,0,1335,15.0,0,FED
2020-07-27 05:55:32,0,3.76,1,Free_feed,Pellet,Left,0,0,1336,17.0,0,FED
2020-07-27 05:55:53,0,3.76,1,Free_feed,Pellet,Left,0,0,1337,18.0,0,FED
2020-07-27 07:30:36,0,3.76,1,Free_feed,Pellet,Left,0,0,1338,2.0,0,FED
2020-07-27 07:30:54,0,3.76,1,Free_feed,Pellet,Left,0,0,1339,15.0,0,FED
2020-07-27 07:31:18,0,3.76,1,Free_feed,Pellet,Left,0,0,1340,21.0,0,FED
2020-07-27 07:31:34,0,3.76,1,Free_feed,Pellet,Left,0,0,1341,13.0,0,FED
2020-07-27 07:31:51,0,3.76,1,Free_feed,Pellet,Left,0,0,1342,14.0,0,FED
2020-07-27 07:32:08,0,3.76,1,Free_feed,Pellet,Left,0,0,1343,15.0,0,FED
2020-07-27 07:32:28,0,3.76,1,Free_feed,Pellet,Left,0,0,1344,17.0,0,FED
2020-07-27 09:07:04,0,3.76,1,Free_feed,Pellet,Left,0,0,1345,0.0,0,FED
2020-07-27 09:07:24,0,3.75,1,Free_feed,Pellet,Left,0,0,1346,17.0,0,FED
2020-07-27 09:07:41,0,3.76,1,Free_feed,Pellet,Left,0,0,1347,14.0,0,FED
2020-07-27 09:07:56,0,3.75,1,Free_feed,Pellet,Left,0,0,1348,12.0,0,FED
2020-07-27 09:08:14,0,3.75,1,Free_feed,Pellet,Left,0,0,1349,15.0,0,FED
2020-07-27 09:08:32,0,3.75,1,Free_feed,Pellet,Left,0,0,1350,15.0,0,FED
2020-07-27 09:08:51,0,3.76,1,Free_feed,Pellet,Left,0,0,1351,16.0,0,FED
2020-07-27 09:09:10,0,3.75,1,Free_feed,Pellet,Left,0,0,1352,17.0,0,FED
2020-07-27 09:09:28,0,3.75,1,Free_feed,Pellet,Left,0,0,1353,16.0,0,FED
2020-07-27 09:09:48,0,3.75,1,Free_feed,Pellet,Left,0,0,1354,17.0,0,FED
2020-07-27 09:10:08,0,3.75,1,Free_feed,Pellet,Left,0,0,1355,18.0,0,FED
2020-07-27 09:10:30,0,3.75,1,Free_feed,Pellet,Left,0,0,1356,19.0,0,FED
2020-07-27 09:10:48,0,3.76,1,Free_feed,Pellet,Left,0,0,1357,15.0,0,FED
2020-07-27 10:37:14,0,3.76,1,Free_feed,Pellet,Left,0,0,1358,0.0,0,FED
2020-07-27 10:37:33,0,3.75,1,Free_feed,Pellet,Left,0,0,1359,17.0,0,FED
2020-07-27 10:37:46,0,3.74,1,Free_feed,Pellet,Left,0,0,1360,10.0,0,FED
2020-07-27 10:38:03,0,3.74,1,Free_feed,Pellet,Left,0,0,1361,14.0,0,FED
2020-07-27 10:38:18,0,3.74,2,Free_feed,Pellet,Left,0,0,1362,11.0,0,FED
2020-07-27 10:38:37,0,3.74,1,Free_feed,Pellet,Left,0,0,1363,17.0,0,FED
2020-07-27 10:38:58,0,3.74,1,Free_feed,Pellet,Left,0,0,1364,17.0,0,FED
2020-07-27 11:20:27,0,3.74,2,Free_feed,Pellet,Left,0,0,1365,0.0,1,FED
2020-07-27 11:20:43,0,3.74,1,Free_feed,Pellet,Left,0,0,1366,13.0,1,FED
2020-07-27 11:20:58,0,3.75,1,Free_feed,Pellet,Left,0,0,1367,12.0,1,FED
2020-07-27 11:21:10,0,3.74,1,Free_feed,Pellet,Left,0,0,1368,9.0,1,FED
2020-07-27 11:21:29,0,3.75,1,Free_feed,Pellet,Left,0,0,1369,17.0,1,FED
2020-07-27 11:21:42,0,3.74,1,Free_feed,Pellet,Left,0,0,1370,10.0,1,FED
2020-07-27 11:21:54,0,3.74,1,Free_feed,Pellet,Left,0,0,1371,9.0,1,FED
2020-07-27 12:27:44,0,3.74,3,Free_feed,Pellet,Left,0,0,1372,0.0,1,FED
2020-07-27 12:28:02,0,3.74,1,Free_feed,Pellet,Left,0,0,1373,16.0,1,FED
2020-07-27 12:28:14,0,3.74,1,Free_feed,Pellet,Left,0,0,1374,8.0,1,FED
2020-07-27 12:28:30,0,3.74,1,Free_feed,Pellet,Left,0,0,1375,14.0,1,FED
2020-07-27 12:28:49,0,3.74,1,Free_feed,Pellet,Left,0,0,1376,16.0,1,FED
2020-07-27 12:29:22,0,3.74,1,Free_feed,Pellet,Left,0,0,1377,31.0,1,FED
2020-07-27 12:29:37,0,3.74,1,Free_feed,Pellet,Left,0,0,1378,12.0,1,FED
2020-07-27 12:29:42,0,3.74,1,Free_feed,Pellet,Left,0,0,1379,2.0,1,FED
2020-07-27 12:29:51,0,3.74,1,Free_feed,Pellet,Left,0,0,1380,7.0,1,FED
2020-07-27 12:30:13,0,3.74,1,Free_feed,Pellet,Left,0,0,1381,20.0,1,FED
2020-07-27 12:30:29,0,3.74,1,Free_feed,Pellet,Left,0,0,1382,12.0,1,FED
2020-07-27 12:30:43,0,3.74,1,Free_feed,Pellet,Left,0,0,1383,12.0,1,FED
2020-07-27 12:31:01,0,3.74,1,Free_feed,Pellet,Left,0,0,1384,15.0,1,FED
2020-07-27 12:31:22,0,3.74,1,Free_feed,Pellet,Left,0,0,1385,18.0,1,FED
2020-07-27 15:16:18,0,3.74,1,Free_feed,Pellet,Left,0,0,1386,0.0,1,FED
2020-07-27 15:16:36,0,3.73,1,Free_feed,Pellet,Left,0,0,1387,15.0,1,FED
2020-07-27 15:16:57,0,3.73,1,Free_feed,Pellet,Left,0,0,1388,18.0,1,FED
2020-07-27 15:17:13,0,3.73,1,Free_feed,Pellet,Left,0,0,1389,13.0,1,FED
2020-07-27 15:17:29,0,3.73,1,Free_feed,Pellet,Left,0,0,1390,14.0,1,FED
2020-07-27 15:17:45,0,3.73,1,Free_feed,Pellet,Left,0,0,1391,13.0,1,FED
2020-07-27 15:18:02,0,3.73,1,Free_feed,Pellet,Left,0,0,1392,15.0,1,FED
2020-07-27 15:18:20,0,3.73,1,Free_feed,Pellet,Left,0,0,1393,15.0,1,FED
2020-07-27 15:18:40,0,3.73,1,Free_feed,Pellet,Left,0,0,1394,18.0,1,FED
2020-07-27 15:18:58,0,3.73,1,Free_feed,Pellet,Left,0,0,1395,15.0,1,FED
2020-07-27 15:19:16,0,3.73,1,Free_feed,Pellet,Left,0,0,1396,15.0,1,FED
2020-07-27 15:19:35,0,3.73,1,Free_feed,Pellet,Left,0,0,1397,16.0,1,FED
2020-07-27 17:27:09,0,3.73,1,Free_feed,Pellet,Left,0,0,1398,0.0,1,FED
